ProdIndex	Name	Number	Unit	VPE	VATIndex	Price	AltPrices	BulkDiscount	BulkDiscountFactor	BulkDiscountPrices	Descr	TextInputFields	SearchItems	Weight	FreeDelivery	DiscountFactor	MinQuantity	MaxQuantity	DiscountId	Inventory	StoreId	OrderInfo	EventDiscount	Event	BonusDeny	BonusPoints	OrgPrice	UnitFactor	ValidUntil	ValidFrom	Upload	BestPrice	Download	InsertList	UserDiscountRate	BookDelivery	NoCampaignVoucher	NumSearchOnly	BonusProduct	BonusProductPrice	MaxPrice	AreaProduct	AreaProductRange	SoldOut	Abpreis	AbPreisTxt	GrundPreis	IS_UVP	AmpelStatus	StatusText	Altersnachweis	Export	ABMinOrderVal	CreationDate	Discontinued	DiscontinuedSubstitute	CrossLinks	ParentProdIndex	ChildProducts	Set	UseSetParentVAT	MiniThumbnail	Thumbnail	Image	LargeImage	Bild_mini_1	Bild_klein_1	Bild_mittel_1	Bild_gross_1	Bild_mini_2	Bild_klein_2	Bild_mittel_2	Bild_gross_2	Bild_mini_3	Bild_klein_3	Bild_mittel_3	Bild_gross_3	Bild_mini_4	Bild_klein_4	Bild_mittel_4	Bild_gross_4	DepVariations	DepVarFile	VariationsOverview	VariationsOverviewMatrix	InstantVoucherProduct	Abverkauf	Anlagedatum	AUS_RECH	BANAME1	BARCODE	BILD	BREITE	DeliveryCostGroup	EINZELPREIS	Erscheinungstermin	Farbe	FARBGRP	Größe	Gutschein_Artikel	HOEHE	IS_ZUSATZ0	IS_ZUSATZ1	IS_ZUSATZ10	IS_ZUSATZ11	IS_ZUSATZ12	IS_ZUSATZ13	IS_ZUSATZ14	IS_ZUSATZ15	IS_ZUSATZ16	IS_ZUSATZ17	IS_ZUSATZ18	IS_ZUSATZ19	IS_ZUSATZ2	IS_ZUSATZ3	IS_ZUSATZ4	IS_ZUSATZ5	IS_ZUSATZ51	IS_ZUSATZ52	IS_ZUSATZ53	IS_ZUSATZ54	IS_ZUSATZ55	IS_ZUSATZ56	IS_ZUSATZ57	IS_ZUSATZ58	IS_ZUSATZ59	IS_ZUSATZ6	IS_ZUSATZ60	IS_ZUSATZ61	IS_ZUSATZ62	IS_ZUSATZ63	IS_ZUSATZ64	IS_ZUSATZ65	IS_ZUSATZ66	IS_ZUSATZ67	IS_ZUSATZ7	IS_ZUSATZ8	IS_ZUSATZ9	MetaDaten	RABATTSATZ	SEITEN_NR1	TextKz	TIEFE	VAR_TEXT	VK_MENGE	VOLUME	VS_DIENST
1553.038	Deutsches Reich Michel-Nr. 105/106 gestempelt	1553.038	Stück	0	1	4.500000					<H2>Germania (VII) 1918/1919 </H2> <P>Die zwischen 1872 und 1945 erschienen Briefmarkenausgaben sind der unangefochtene Klassiker unter den deutschen Sammelgebieten. Historische bedeutend und äußerst gefragt.</P> <P>&nbsp;<BR></P> <H3>Jetzt noch günstig bei uns ergattern! </H3><BR> <P><STRONG>Hinweis:</STRONG> Beispielabbildung</P>		Deutsches Reich, Inflation, Michel 105, Michel 105 / 106, gestempelt,	10		1				<1>y</1><11>0</11><12>10</12><13>y</13><21>Lieferzeit ca. 2-5 Werktage</21><22>Lieferzeit ca. 2-5 Werktage <!--Nur noch wenige Stück auf Lager--></22><23>Lieferzeit ca. 1-2 Wochen</23>	01-1553.038	<artikelnummer>1553.038</artikelnummer><var_id>1553.038</var_id><originalvs4nummer>WW1553.038      </originalvs4nummer><vpe>0</vpe>	0					1						SY,KA,GR,ON,PA,F1,RA,F2,FA,FB,FC,IA,FD,IB,FE,KB,AA,T1,ET,FF,GH,BB,PR,FG,RB,90,RC,BR,NN,NR,E1,P1,FH,AN,01,FI,FJ,RD,RE,RF,E2,E3,RH,F2,RG,RI,AB,AC,BA,FK,KC,AD,BC,FL,P2,P3,FM,RJ,RK,FN,RL,RM,FO,FP,RN,FQ,FR,RO,P4,P5,FS,FT,FU,FY,RP,P6,P7,P8,P9,FZ,PA,PB,PC,PD,FX,RQ,RR,GA,GB,GC,GD,BD,RS,KD,C1,C2,FU,CA,RT,BE,GS,DE,CB,RU,RV,GE,BL,CD,RX,GQ,CH,BF,RZ,SA,SB,SC,SD,GT,AE,T2,BG,F8,HA,H8,L6,Z2,Z3,Z5,BS,Z6,W5,99,63,G1,03,Z7,Z8,Z9,ZA,V1,64,ZB,ZC,65,ZD,H1,NA,66,Z1,Y1,67,Y2,K3,ZE,04,K4,68,V2,69,F7,AQ,T5,MA,C3,AZ,70,A1,G0,HK,ZF,H2,G3,ZG,CC,C4,71,Z0,72,ZH,H3,ZI,GI,Y3,Y4,Y5,AY,G2,K2,73,DC,AX,95,MO,74,AF,AG,ZK,05,K5,75,C5,H4,02,AS,B1,ZL,MW,76,Y6,77,Y7,K7,78,V3,Y8,1A,NB,X3,79,Y9,AW,B2,AR,YA,B3,YB,AH,80,B4,AK,A7,81,81,AL,PE,SE,TA,TB,82,TC,BH,SF,CE,ZZ,NC,TP,KE,TD,WW,83,BH,AM,AI,KF,CF,PF,KG,FI,FV,GF,KH,BM,GG,HJ,PO,BJ,CG,SG,H5,AO,BK,FW,HB,HL,BI,GU,HC,GV,KJ,HM,G4,1B,BN,GJ,GK,HN,GW,A8,GM,GN,CI,GL,HO,1C,GO,SH,GP,PH,PJ,GX,GY,H6,HP,GZ,CK,1D,1E,ND,G5,ZX,PK,PL,AJ,HD,HE,HF,RY,SJ,SK,G7,PM,PN,PP,55,HG,HH,HR,PS,PT,SZ,AP,IC,ID,IE,A2,BT,A3,G8,CJ,IF,KL,PU,CK,P0,RW,PQ,HQ,1F,1G,IG,IH,IJ,00,IK,IL,IM,IN,IO,IP,91,XX,IQ,IR,SI,IS,HS,BO,SX,HT,HU,BX,IT,AV,DF,HV,VA,HW,PV,PX,IV,BP,HX,UI,TV,VB,A4,IU,HZ,MB,DA,YY,MC,SL,CL,CM,CN,PZ,KM,QA,CO,VC,QE,BQ,CP,QB,BU,BV,QC,19,VD,TE,VE,CQ,VF,BW,BY,BZ,QG,CR,QH,PW,QD,CS,VG,AT,DA,TF,TS,QE,CT,AU,CU,DG,DD,HY,VH,YC,A5,A6,ZM,TG,AU,A8,A9,TT,ZN,VJ,VK,DH,DB,ZJ,1H,T3,UA,KN,TU,ZP,D1,92,DI,DJ,QW,EE,M1,M2,SM,CU,R1,S,SN,KO,E7,E8,TW,SO,SP,KP,IW,QQ,B5,B6,QQ,QI,QJ,QK,QL,XA,QR,IZ,DP,VL,QM,QN,QO,QP,NE,YD,C6,C7,ED,EB,EC,KQ,TH,TJ,TK,TI,QS,QT,QU,QV,QX,DK,QY,EU,CX,DL,DM,TL,QZ,DV,DX,TM,QF,DT,DN,VM,DX,TX,TN,IX,TQ,XÖ,KS,SO,PY,XC,VN,VP,TR,TY,SQ,XY,TZ,ÜÜ,CV,ST,KR,DY,XD,SR,T4,TO,TD,CW,MD,ÖÖ,TP,XE,JA,KS,KT,DZ,B7,EA,VQ,EG,UB,EF,EH,EJ,EQ,OA,XF,XG,ME,UC,UD,UE,UF,MF,XH,06,K6,DO,EK,DS,DQ,EL,EM,VR,XM,MG,MH,VS,XN,MJ,50,MI,B8,UG,WP,XK,VT,MK,XL,MR,UH,VU,ML,VV,EN,UJ,MN,UK,UL,UM,MS,MT,B9,D2,D3,D4,D5,LA,VX,D6,MU,MM,MP,UN,UZ,MQ,MV,XZ,UY,UO,UX,NZ,07,UW,MY,MX,DR,MZ,NX,UP,WE,0A,0B,0D,Z4,0C,WF,WG,XB,W3,W2,NF,NG,NJ,C9,WT,KK,T7,93,JB,94,ER,ES,EV,JC,EW,JD,LB,EX,JE,JF,JG,JH,JK,NH,JL,OB,LD,LE,JM,NK,NL,YL,YM,NP,NQ,XP,XQ,JN,EP,NT,NM,DU,LF,JZ,XV,LG,JP,NV,NW,LH,JR,T6,LK,LY,OZ,LL,JX,YE,UQ,JQ,JU,LM,YF,YG,YH,11,JT	0.00								<maxwidth>0</maxwidth><maxlen>0</maxlen><minwidth>0</minwidth><minlen>0</minlen>						leer			y		1226620800	n							g1553038.jpg	g1553038.jpg	g1553038.jpg	g1553038.jpg																					<g><1>n</1><2></2><3>y</3><4>n</4></g>	7	2008-11-14		Deutsches Reich Michel-Nr. 105/106 gestempelt	1553.038	1	0		0,00					0	0	Deutsches Reich			105/106		Deutsches Reich	Inflation						1919	gestempelt		2 Marken																							0	B002	00018635	0		1	0	DHL
1561.001	Deutsches Reich Michel-Nr. 714/715 postfrisch	1561.001	Stück	0	4	2.200000					<H2>Wiedereingliederung Danzig </H2> <P>Die zwischen 1872 und 1945 erschienen Briefmarkenausgaben sind der unangefochtene Klassiker unter den deutschen Sammelgebieten. Historische bedeutend und äußerst gefragt.</P> <P>&nbsp;<BR></P> <P> <UL> <LI><STRONG>Michel-Nr. 714/715! </STRONG></LI> <LI><STRONG>Postfrisch! </STRONG></LI> <LI><STRONG>Michelwert: Euro 5,-! </STRONG></LI></UL> <P></P><BR> <H3>Jetzt noch günstig bei uns ergattern! </H3>			5		1				<1>y</1><11>0</11><12>10</12><13>y</13><21>Lieferzeit ca. 2-5 Werktage</21><22>Lieferzeit ca. 2-5 Werktage <!--Nur noch wenige Stück auf Lager--></22><23>Lieferzeit ca. 1-2 Wochen</23>	01-1561.001	<artikelnummer>1561.001</artikelnummer><var_id>1561.001</var_id><originalvs4nummer>WW1561.001      </originalvs4nummer><vpe>0</vpe>	0					1						SY,KA,GR,ON,PA,F1,RA,F2,FA,FB,FC,IA,FD,IB,FE,KB,AA,T1,ET,FF,GH,BB,PR,FG,RB,90,RC,BR,NN,NR,E1,P1,FH,AN,01,FI,FJ,RD,RE,RF,E2,E3,RH,F2,RG,RI,AB,AC,BA,FK,KC,AD,BC,FL,P2,P3,FM,RJ,RK,FN,RL,RM,FO,FP,RN,FQ,FR,RO,P4,P5,FS,FT,FU,FY,RP,P6,P7,P8,P9,FZ,PA,PB,PC,PD,FX,RQ,RR,GA,GB,GC,GD,BD,RS,KD,C1,C2,FU,CA,RT,BE,GS,DE,CB,RU,RV,GE,BL,CD,RX,GQ,CH,BF,RZ,SA,SB,SC,SD,GT,AE,T2,BG,F8,HA,H8,L6,Z2,Z3,Z5,BS,Z6,W5,99,63,G1,03,Z7,Z8,Z9,ZA,V1,64,ZB,ZC,65,ZD,H1,NA,66,Z1,Y1,67,Y2,K3,ZE,04,K4,68,V2,69,F7,AQ,T5,MA,C3,AZ,70,A1,G0,HK,ZF,H2,G3,ZG,CC,C4,71,Z0,72,ZH,H3,ZI,GI,Y3,Y4,Y5,AY,G2,K2,73,DC,AX,95,MO,74,AF,AG,ZK,05,K5,75,C5,H4,02,AS,B1,ZL,MW,76,Y6,77,Y7,K7,78,V3,Y8,1A,NB,X3,79,Y9,AW,B2,AR,YA,B3,YB,AH,80,B4,AK,A7,81,81,AL,PE,SE,TA,TB,82,TC,BH,SF,CE,ZZ,NC,TP,KE,TD,WW,83,BH,AM,AI,KF,CF,PF,KG,FI,FV,GF,KH,BM,GG,HJ,PO,BJ,CG,SG,H5,AO,BK,FW,HB,HL,BI,GU,HC,GV,KJ,HM,G4,1B,BN,GJ,GK,HN,GW,A8,GM,GN,CI,GL,HO,1C,GO,SH,GP,PH,PJ,GX,GY,H6,HP,GZ,CK,1D,1E,ND,G5,ZX,PK,PL,AJ,HD,HE,HF,RY,SJ,SK,G7,PM,PN,PP,55,HG,HH,HR,PS,PT,SZ,AP,IC,ID,IE,A2,BT,A3,G8,CJ,IF,KL,PU,CK,P0,RW,PQ,HQ,1F,1G,IG,IH,IJ,00,IK,IL,IM,IN,IO,IP,91,XX,IQ,IR,SI,IS,HS,BO,SX,HT,HU,BX,IT,AV,DF,HV,VA,HW,PV,PX,IV,BP,HX,UI,TV,VB,A4,IU,HZ,MB,DA,YY,MC,SL,CL,CM,CN,PZ,KM,QA,CO,VC,QE,BQ,CP,QB,BU,BV,QC,19,VD,TE,VE,CQ,VF,BW,BY,BZ,QG,CR,QH,PW,QD,CS,VG,AT,DA,TF,TS,QE,CT,AU,CU,DG,DD,HY,VH,YC,A5,A6,ZM,TG,AU,A8,A9,TT,ZN,VJ,VK,DH,DB,ZJ,1H,T3,UA,KN,TU,ZP,D1,92,DI,DJ,QW,EE,M1,M2,SM,CU,R1,S,SN,KO,E7,E8,TW,SO,SP,KP,IW,QQ,B5,B6,QQ,QI,QJ,QK,QL,XA,QR,IZ,DP,VL,QM,QN,QO,QP,NE,YD,C6,C7,ED,EB,EC,KQ,TH,TJ,TK,TI,QS,QT,QU,QV,QX,DK,QY,EU,CX,DL,DM,TL,QZ,DV,DX,TM,QF,DT,DN,VM,DX,TX,TN,IX,TQ,XÖ,KS,SO,PY,XC,VN,VP,TR,TY,SQ,XY,TZ,ÜÜ,CV,ST,KR,DY,XD,SR,T4,TO,TD,CW,MD,ÖÖ,TP,XE,JA,KS,KT,DZ,B7,EA,VQ,EG,UB,EF,EH,EJ,EQ,OA,XF,XG,ME,UC,UD,UE,UF,MF,XH,06,K6,DO,EK,DS,DQ,EL,EM,VR,XM,MG,MH,VS,XN,MJ,50,MI,B8,UG,WP,XK,VT,MK,XL,MR,UH,VU,ML,VV,EN,UJ,MN,UK,UL,UM,MS,MT,B9,D2,D3,D4,D5,LA,VX,D6,MU,MM,MP,UN,UZ,MQ,MV,XZ,UY,UO,UX,NZ,07,UW,MY,MX,DR,MZ,NX,UP,WE,0A,0B,0D,Z4,0C,WF,WG,XB,W3,W2,NF,NG,NJ,C9,WT,KK,T7,93,JB,94,ER,ES,EV,JC,EW,JD,LB,EX,JE,JF,JG,JH,JK,NH,JL,OB,LD,LE,JM,NK,NL,YL,YM,NP,NQ,XP,XQ,JN,EP,NT,NM,DU,LF,JZ,XV,LG,JP,NV,NW,LH,JR,T6,LK,LY,OZ,LL,JX,YE,UQ,JQ,JU,LM,YF,YG,YH,11,JT	0.00								<maxwidth>0</maxwidth><maxlen>0</maxlen><minwidth>0</minwidth><minlen>0</minlen>						leer			y		1158019200	n							g1561001.jpg	g1561001.jpg	g1561001.jpg	g1561001.jpg																					<g><1>n</1><2></2><3>y</3><4>n</4></g>	18	2006-09-12		Deutsches Reich Michel-Nr. 714/715 postfrisch	1561.001	1	0		0,00					0	0	Deutsches Reich			714/715	5 Euro	Deutsches Reich	Drittes Reich (ab 1933)							postfrisch		2 Werte																							0	B002	00018669	0		1	0	DHL
1561.006	Deutsches Reich Michel-Nr. 799/800 B postfrisch	1561.006	Stück	0	4	25.000000					<H2>Hitler-Freimarken in B-Zähnung (1944) </H2> <P>Die zwischen 1872 und 1945 erschienen Briefmarkenausgaben sind der unangefochtene Klassiker unter den deutschen Sammelgebieten. Historische bedeutend und äußerst gefragt.</P> <P>&nbsp;<BR></P> <H3>Jetzt noch günstig bei uns ergattern! </H3><BR> <P>Bei Belegen mit NS-Emblemen oder -Symbolen verpflichtet sich der Käufer, diese lediglich für historisch-wissenschaftliche Sammelzwecke zu erwerben. Sie sind in keiner Weise propagandistisch, insbesondere im Sinne des Paragraphen 86 StGB, zu benutzen.</P>			10		1				<1>y</1><11>0</11><12>10</12><13>y</13><21>Lieferzeit ca. 2-5 Werktage</21><22>Lieferzeit ca. 2-5 Werktage <!--Nur noch wenige Stück auf Lager--></22><23>Lieferzeit ca. 1-2 Wochen</23>	01-1561.006	<artikelnummer>1561.006</artikelnummer><var_id>1561.006</var_id><originalvs4nummer>WW1561.006      </originalvs4nummer><vpe>0</vpe>	0					1						SY,KA,GR,ON,PA,F1,RA,F2,FA,FB,FC,IA,FD,IB,FE,KB,AA,T1,ET,FF,GH,BB,PR,FG,RB,90,RC,BR,NN,NR,E1,P1,FH,AN,01,FI,FJ,RD,RE,RF,E2,E3,RH,F2,RG,RI,AB,AC,BA,FK,KC,AD,BC,FL,P2,P3,FM,RJ,RK,FN,RL,RM,FO,FP,RN,FQ,FR,RO,P4,P5,FS,FT,FU,FY,RP,P6,P7,P8,P9,FZ,PA,PB,PC,PD,FX,RQ,RR,GA,GB,GC,GD,BD,RS,KD,C1,C2,FU,CA,RT,BE,GS,DE,CB,RU,RV,GE,BL,CD,RX,GQ,CH,BF,RZ,SA,SB,SC,SD,GT,AE,T2,BG,F8,HA,H8,L6,Z2,Z3,Z5,BS,Z6,W5,99,63,G1,03,Z7,Z8,Z9,ZA,V1,64,ZB,ZC,65,ZD,H1,NA,66,Z1,Y1,67,Y2,K3,ZE,04,K4,68,V2,69,F7,AQ,T5,MA,C3,AZ,70,A1,G0,HK,ZF,H2,G3,ZG,CC,C4,71,Z0,72,ZH,H3,ZI,GI,Y3,Y4,Y5,AY,G2,K2,73,DC,AX,95,MO,74,AF,AG,ZK,05,K5,75,C5,H4,02,AS,B1,ZL,MW,76,Y6,77,Y7,K7,78,V3,Y8,1A,NB,X3,79,Y9,AW,B2,AR,YA,B3,YB,AH,80,B4,AK,A7,81,81,AL,PE,SE,TA,TB,82,TC,BH,SF,CE,ZZ,NC,TP,KE,TD,WW,83,BH,AM,AI,KF,CF,PF,KG,FI,FV,GF,KH,BM,GG,HJ,PO,BJ,CG,SG,H5,AO,BK,FW,HB,HL,BI,GU,HC,GV,KJ,HM,G4,1B,BN,GJ,GK,HN,GW,A8,GM,GN,CI,GL,HO,1C,GO,SH,GP,PH,PJ,GX,GY,H6,HP,GZ,CK,1D,1E,ND,G5,ZX,PK,PL,AJ,HD,HE,HF,RY,SJ,SK,G7,PM,PN,PP,55,HG,HH,HR,PS,PT,SZ,AP,IC,ID,IE,A2,BT,A3,G8,CJ,IF,KL,PU,CK,P0,RW,PQ,HQ,1F,1G,IG,IH,IJ,00,IK,IL,IM,IN,IO,IP,91,XX,IQ,IR,SI,IS,HS,BO,SX,HT,HU,BX,IT,AV,DF,HV,VA,HW,PV,PX,IV,BP,HX,UI,TV,VB,A4,IU,HZ,MB,DA,YY,MC,SL,CL,CM,CN,PZ,KM,QA,CO,VC,QE,BQ,CP,QB,BU,BV,QC,19,VD,TE,VE,CQ,VF,BW,BY,BZ,QG,CR,QH,PW,QD,CS,VG,AT,DA,TF,TS,QE,CT,AU,CU,DG,DD,HY,VH,YC,A5,A6,ZM,TG,AU,A8,A9,TT,ZN,VJ,VK,DH,DB,ZJ,1H,T3,UA,KN,TU,ZP,D1,92,DI,DJ,QW,EE,M1,M2,SM,CU,R1,S,SN,KO,E7,E8,TW,SO,SP,KP,IW,QQ,B5,B6,QQ,QI,QJ,QK,QL,XA,QR,IZ,DP,VL,QM,QN,QO,QP,NE,YD,C6,C7,ED,EB,EC,KQ,TH,TJ,TK,TI,QS,QT,QU,QV,QX,DK,QY,EU,CX,DL,DM,TL,QZ,DV,DX,TM,QF,DT,DN,VM,DX,TX,TN,IX,TQ,XÖ,KS,SO,PY,XC,VN,VP,TR,TY,SQ,XY,TZ,ÜÜ,CV,ST,KR,DY,XD,SR,T4,TO,TD,CW,MD,ÖÖ,TP,XE,JA,KS,KT,DZ,B7,EA,VQ,EG,UB,EF,EH,EJ,EQ,OA,XF,XG,ME,UC,UD,UE,UF,MF,XH,06,K6,DO,EK,DS,DQ,EL,EM,VR,XM,MG,MH,VS,XN,MJ,50,MI,B8,UG,WP,XK,VT,MK,XL,MR,UH,VU,ML,VV,EN,UJ,MN,UK,UL,UM,MS,MT,B9,D2,D3,D4,D5,LA,VX,D6,MU,MM,MP,UN,UZ,MQ,MV,XZ,UY,UO,UX,NZ,07,UW,MY,MX,DR,MZ,NX,UP,WE,0A,0B,0D,Z4,0C,WF,WG,XB,W3,W2,NF,NG,NJ,C9,WT,KK,T7,93,JB,94,ER,ES,EV,JC,EW,JD,LB,EX,JE,JF,JG,JH,JK,NH,JL,OB,LD,LE,JM,NK,NL,YL,YM,NP,NQ,XP,XQ,JN,EP,NT,NM,DU,LF,JZ,XV,LG,JP,NV,NW,LH,JR,T6,LK,LY,OZ,LL,JX,YE,UQ,JQ,JU,LM,YF,YG,YH,11,JT	0.00								<maxwidth>0</maxwidth><maxlen>0</maxlen><minwidth>0</minwidth><minlen>0</minlen>						leer			y		1190073600	n							g1561006.jpg	g1561006.jpg	g1561006.jpg	g1561006.jpg																					<g><1>n</1><2></2><3>y</3><4>n</4></g>	5	2007-09-18		Deutsches Reich Michel-Nr. 799/800 B postfrisch	1561.006	1	0		0,00					0	0	Deutsches Reich			799/802 B		Deutsches Reich	Drittes Reich (ab 1933)							postfrisch		4 Werte																							0	B002	00018674	0		1	0	DHL
1591.077	Frankreich VI-X postfrisch Deutsche Besetzung	1591.077	Stück	0	4	29.000000					<H2>Frankreich/LVF Ausgaben </H2> <UL> <LI><STRONG>Michel Nr. VI-X! </STRONG></LI> <LI><STRONG>Postfrisch!</STRONG> </LI></UL>Auf Anregung von Jacques Doriot (1898-1945), einem französischen Faschist und Anti-Kommunist, wurde am 8. Juli 1941 die "Légion des volontaires français contre le bolchévisme" gegründet. Diese 3.000 Mann umfassende Einheit nahm 1941/42 am Vorstoß auf Moskau teil und wurde ab 1943, als Teil des deutschen Besatzungsapparates, nach Weißrussland abkommandiert. Sie traten dort 1944 als nahezu letzte Einheit den Rückzug an. Um diesen Verband zu unterstützen, gab das Aktionskomitee des LVF bis 1942 eine Reihe von Spendenmarken ohne Frankaturkraft heraus. Der Erlös kam den kämpfenden Truppen zugute, Werte auf Briefen kennzeichneten die Solidarisierung. <BR>Jedes dieser Stücke ist von außerordentlicher Seltenheit und - wie bei diesen kaum angebotenen Ausgaben üblich - im Michel vollkommen unterbewertet.  <H3>Kleinstmengen lieferbar! </H3>			10		1				<1>y</1><11>0</11><12>0</12><13></13><21>Lieferzeit ca. 2-5 Werktage</21><22>Lieferzeit ca. 2-5 Werktage <!--Nur noch wenige Stück auf Lager--></22><23>Leider vergriffen</23>	01-1591.077	<artikelnummer>1591.077</artikelnummer><var_id>1591.077</var_id><originalvs4nummer>WW1591.077      </originalvs4nummer><vpe>0</vpe>	0					1						SY,KA,GR,ON,PA,F1,RA,F2,FA,FB,FC,IA,FD,IB,FE,KB,AA,T1,ET,FF,GH,BB,PR,FG,RB,90,RC,BR,NN,NR,E1,P1,FH,AN,01,FI,FJ,RD,RE,RF,E2,E3,RH,F2,RG,RI,AB,AC,BA,FK,KC,AD,BC,FL,P2,P3,FM,RJ,RK,FN,RL,RM,FO,FP,RN,FQ,FR,RO,P4,P5,FS,FT,FU,FY,RP,P6,P7,P8,P9,FZ,PA,PB,PC,PD,FX,RQ,RR,GA,GB,GC,GD,BD,RS,KD,C1,C2,FU,CA,RT,BE,GS,DE,CB,RU,RV,GE,BL,CD,RX,GQ,CH,BF,RZ,SA,SB,SC,SD,GT,AE,T2,BG,F8,HA,H8,L6,Z2,Z3,Z5,BS,Z6,W5,99,63,G1,03,Z7,Z8,Z9,ZA,V1,64,ZB,ZC,65,ZD,H1,NA,66,Z1,Y1,67,Y2,K3,ZE,04,K4,68,V2,69,F7,AQ,T5,MA,C3,AZ,70,A1,G0,HK,ZF,H2,G3,ZG,CC,C4,71,Z0,72,ZH,H3,ZI,GI,Y3,Y4,Y5,AY,G2,K2,73,DC,AX,95,MO,74,AF,AG,ZK,05,K5,75,C5,H4,02,AS,B1,ZL,MW,76,Y6,77,Y7,K7,78,V3,Y8,1A,NB,X3,79,Y9,AW,B2,AR,YA,B3,YB,AH,80,B4,AK,A7,81,81,AL,PE,SE,TA,TB,82,TC,BH,SF,CE,ZZ,NC,TP,KE,TD,WW,83,BH,AM,AI,KF,CF,PF,KG,FI,FV,GF,KH,BM,GG,HJ,PO,BJ,CG,SG,H5,AO,BK,FW,HB,HL,BI,GU,HC,GV,KJ,HM,G4,1B,BN,GJ,GK,HN,GW,A8,GM,GN,CI,GL,HO,1C,GO,SH,GP,PH,PJ,GX,GY,H6,HP,GZ,CK,1D,1E,ND,G5,ZX,PK,PL,AJ,HD,HE,HF,RY,SJ,SK,G7,PM,PN,PP,55,HG,HH,HR,PS,PT,SZ,AP,IC,ID,IE,A2,BT,A3,G8,CJ,IF,KL,PU,CK,P0,RW,PQ,HQ,1F,1G,IG,IH,IJ,00,IK,IL,IM,IN,IO,IP,91,XX,IQ,IR,SI,IS,HS,BO,SX,HT,HU,BX,IT,AV,DF,HV,VA,HW,PV,PX,IV,BP,HX,UI,TV,VB,A4,IU,HZ,MB,DA,YY,MC,SL,CL,CM,CN,PZ,KM,QA,CO,VC,QE,BQ,CP,QB,BU,BV,QC,19,VD,TE,VE,CQ,VF,BW,BY,BZ,QG,CR,QH,PW,QD,CS,VG,AT,DA,TF,TS,QE,CT,AU,CU,DG,DD,HY,VH,YC,A5,A6,ZM,TG,AU,A8,A9,TT,ZN,VJ,VK,DH,DB,ZJ,1H,T3,UA,KN,TU,ZP,D1,92,DI,DJ,QW,EE,M1,M2,SM,CU,R1,S,SN,KO,E7,E8,TW,SO,SP,KP,IW,QQ,B5,B6,QQ,QI,QJ,QK,QL,XA,QR,IZ,DP,VL,QM,QN,QO,QP,NE,YD,C6,C7,ED,EB,EC,KQ,TH,TJ,TK,TI,QS,QT,QU,QV,QX,DK,QY,EU,CX,DL,DM,TL,QZ,DV,DX,TM,QF,DT,DN,VM,DX,TX,TN,IX,TQ,XÖ,KS,SO,PY,XC,VN,VP,TR,TY,SQ,XY,TZ,ÜÜ,CV,ST,KR,DY,XD,SR,T4,TO,TD,CW,MD,ÖÖ,TP,XE,JA,KS,KT,DZ,B7,EA,VQ,EG,UB,EF,EH,EJ,EQ,OA,XF,XG,ME,UC,UD,UE,UF,MF,XH,06,K6,DO,EK,DS,DQ,EL,EM,VR,XM,MG,MH,VS,XN,MJ,50,MI,B8,UG,WP,XK,VT,MK,XL,MR,UH,VU,ML,VV,EN,UJ,MN,UK,UL,UM,MS,MT,B9,D2,D3,D4,D5,LA,VX,D6,MU,MM,MP,UN,UZ,MQ,MV,XZ,UY,UO,UX,NZ,07,UW,MY,MX,DR,MZ,NX,UP,WE,0A,0B,0D,Z4,0C,WF,WG,XB,W3,W2,NF,NG,NJ,C9,WT,KK,T7,93,JB,94,ER,ES,EV,JC,EW,JD,LB,EX,JE,JF,JG,JH,JK,NH,JL,OB,LD,LE,JM,NK,NL,YL,YM,NP,NQ,XP,XQ,JN,EP,NT,NM,DU,LF,JZ,XV,LG,JP,NV,NW,LH,JR,T6,LK,LY,OZ,LL,JX,YE,UQ,JQ,JU,LM,YF,YG,YH,11,JT	0.00								<maxwidth>0</maxwidth><maxlen>0</maxlen><minwidth>0</minwidth><minlen>0</minlen>						leer			y		1196812800	n							g1591077.jpg	g1591077.jpg	g1591077.jpg	g1591077.jpg																					<g><1>n</1><2></2><3>y</3><4>n</4></g>	2	2007-12-05		Frankreich VI-X postfrisch Deutsche Besetzung	1591.077	1	0		0,00					0	0	Frankreich / LVF			VI-X		Deutsches Reich	Besetzung 2. Weltkrieg							postfrisch																									0	B002	00018838	0		1	0	DHL
1604.000	Deutsche Post in Marokko PI-IV ungebraucht	1604.000	Stück	0	1	69.850000					<H2>Die Deutsche Post in Marokko 1899 </H2> <P>Alle vier vorbereiteten, jedoch nicht zur Ausgabe gelangten Ganzsachen mit einzeiligem Aufdruck (Michel-Nr. P I-IV). Jede über 115 Jahre alt und so taufrisch ungebraucht, wie eben am Schalter erworben.</P> <P>&nbsp;<BR></P> <UL> <LI><STRONG>Deutsche Post in Marokko PI-IV! </STRONG></LI> <LI><STRONG>Michelwert: Euro 360,-! </STRONG></LI></UL><BR> <H3>Ein spannendes Stück deutscher Geschichte! </H3>			100		1				<1>y</1><11>0</11><12>0</12><13></13><21>Lieferzeit ca. 2-5 Werktage</21><22>Lieferzeit ca. 2-5 Werktage <!--Nur noch wenige Stück auf Lager--></22><23>Leider ausverkauft</23>	01-1604.000	<artikelnummer>1604.000</artikelnummer><var_id>1604.000</var_id><originalvs4nummer>WW1604.000      </originalvs4nummer><vpe>0</vpe>	0				149.000000	1						SY,KA,GR,ON,PA,F1,RA,F2,FA,FB,FC,IA,FD,IB,FE,KB,AA,T1,ET,FF,GH,BB,PR,FG,RB,90,RC,BR,NN,NR,E1,P1,FH,AN,01,FI,FJ,RD,RE,RF,E2,E3,RH,F2,RG,RI,AB,AC,BA,FK,KC,AD,BC,FL,P2,P3,FM,RJ,RK,FN,RL,RM,FO,FP,RN,FQ,FR,RO,P4,P5,FS,FT,FU,FY,RP,P6,P7,P8,P9,FZ,PA,PB,PC,PD,FX,RQ,RR,GA,GB,GC,GD,BD,RS,KD,C1,C2,FU,CA,RT,BE,GS,DE,CB,RU,RV,GE,BL,CD,RX,GQ,CH,BF,RZ,SA,SB,SC,SD,GT,AE,T2,BG,F8,HA,H8,L6,Z2,Z3,Z5,BS,Z6,W5,99,63,G1,03,Z7,Z8,Z9,ZA,V1,64,ZB,ZC,65,ZD,H1,NA,66,Z1,Y1,67,Y2,K3,ZE,04,K4,68,V2,69,F7,AQ,T5,MA,C3,AZ,70,A1,G0,HK,ZF,H2,G3,ZG,CC,C4,71,Z0,72,ZH,H3,ZI,GI,Y3,Y4,Y5,AY,G2,K2,73,DC,AX,95,MO,74,AF,AG,ZK,05,K5,75,C5,H4,02,AS,B1,ZL,MW,76,Y6,77,Y7,K7,78,V3,Y8,1A,NB,X3,79,Y9,AW,B2,AR,YA,B3,YB,AH,80,B4,AK,A7,81,81,AL,PE,SE,TA,TB,82,TC,BH,SF,CE,ZZ,NC,TP,KE,TD,WW,83,BH,AM,AI,KF,CF,PF,KG,FI,FV,GF,KH,BM,GG,HJ,PO,BJ,CG,SG,H5,AO,BK,FW,HB,HL,BI,GU,HC,GV,KJ,HM,G4,1B,BN,GJ,GK,HN,GW,A8,GM,GN,CI,GL,HO,1C,GO,SH,GP,PH,PJ,GX,GY,H6,HP,GZ,CK,1D,1E,ND,G5,ZX,PK,PL,AJ,HD,HE,HF,RY,SJ,SK,G7,PM,PN,PP,55,HG,HH,HR,PS,PT,SZ,AP,IC,ID,IE,A2,BT,A3,G8,CJ,IF,KL,PU,CK,P0,RW,PQ,HQ,1F,1G,IG,IH,IJ,00,IK,IL,IM,IN,IO,IP,91,XX,IQ,IR,SI,IS,HS,BO,SX,HT,HU,BX,IT,AV,DF,HV,VA,HW,PV,PX,IV,BP,HX,UI,TV,VB,A4,IU,HZ,MB,DA,YY,MC,SL,CL,CM,CN,PZ,KM,QA,CO,VC,QE,BQ,CP,QB,BU,BV,QC,19,VD,TE,VE,CQ,VF,BW,BY,BZ,QG,CR,QH,PW,QD,CS,VG,AT,DA,TF,TS,QE,CT,AU,CU,DG,DD,HY,VH,YC,A5,A6,ZM,TG,AU,A8,A9,TT,ZN,VJ,VK,DH,DB,ZJ,1H,T3,UA,KN,TU,ZP,D1,92,DI,DJ,QW,EE,M1,M2,SM,CU,R1,S,SN,KO,E7,E8,TW,SO,SP,KP,IW,QQ,B5,B6,QQ,QI,QJ,QK,QL,XA,QR,IZ,DP,VL,QM,QN,QO,QP,NE,YD,C6,C7,ED,EB,EC,KQ,TH,TJ,TK,TI,QS,QT,QU,QV,QX,DK,QY,EU,CX,DL,DM,TL,QZ,DV,DX,TM,QF,DT,DN,VM,DX,TX,TN,IX,TQ,XÖ,KS,SO,PY,XC,VN,VP,TR,TY,SQ,XY,TZ,ÜÜ,CV,ST,KR,DY,XD,SR,T4,TO,TD,CW,MD,ÖÖ,TP,XE,JA,KS,KT,DZ,B7,EA,VQ,EG,UB,EF,EH,EJ,EQ,OA,XF,XG,ME,UC,UD,UE,UF,MF,XH,06,K6,DO,EK,DS,DQ,EL,EM,VR,XM,MG,MH,VS,XN,MJ,50,MI,B8,UG,WP,XK,VT,MK,XL,MR,UH,VU,ML,VV,EN,UJ,MN,UK,UL,UM,MS,MT,B9,D2,D3,D4,D5,LA,VX,D6,MU,MM,MP,UN,UZ,MQ,MV,XZ,UY,UO,UX,NZ,07,UW,MY,MX,DR,MZ,NX,UP,WE,0A,0B,0D,Z4,0C,WF,WG,XB,W3,W2,NF,NG,NJ,C9,WT,KK,T7,93,JB,94,ER,ES,EV,JC,EW,JD,LB,EX,JE,JF,JG,JH,JK,NH,JL,OB,LD,LE,JM,NK,NL,YL,YM,NP,NQ,XP,XQ,JN,EP,NT,NM,DU,LF,JZ,XV,LG,JP,NV,NW,LH,JR,T6,LK,LY,OZ,LL,JX,YE,UQ,JQ,JU,LM,YF,YG,YH,11,JT	0.00								<maxwidth>0</maxwidth><maxlen>0</maxlen><minwidth>0</minwidth><minlen>0</minlen>						leer			y		1430265600	n							g1604000.jpg	g1604000.jpg	g1604000.jpg	g1604000.jpg																					<g><1>n</1><2></2><3>y</3><4>n</4></g>	0	2015-04-29		Deutsche Post in Marokko PI-IV ungebraucht	1604.000	1	0		0,00						0	Deutsches Reich			PI-IV	360 Euro	Deutsches Reich	Dt. Auslandspostämter							ungebraucht																									0	B000	00018842	0		1	0	DHL - Sonderpick
1615.001	Briefmarken Schnupper-Lot Deutsche Kolonien und Auslandspostämter	1615.001	Stück	0	4	7.990000					<H2>Deutsche Kolonien &amp; Auslandspostämter </H2> <P>Das einmalige preiswerte Schnupper-Lot enthält 10 verschiedene Briefmarken - Ausgaben sauber gestempelt, wie auch postfisch / Falz. Nutzen Sie heute die Gelegenheit und sichern Sie sich jetzt dieses Top-Lot.</P> <P><BR>&nbsp;</P> <UL> <LI><STRONG>10 verschiedene Briefmarken! </STRONG></LI> <LI><STRONG>Michelwert über Euro 20,-! </STRONG></LI></UL><BR> <H3>Ein spannendes Stück deutscher Geschichte! </H3><BR> <P><STRONG>Hinweis:</STRONG> Beispielabbildung</P>		Deutsche Kolonien, Auslandspostämter,	10		1				<1>y</1><11>0</11><12>0</12><13></13><21>Lieferzeit ca. 2-5 Werktage</21><22>Lieferzeit ca. 2-5 Werktage <!--Nur noch wenige Stück auf Lager--></22><23>Leider vergriffen</23>	01-1615.001	<artikelnummer>1615.001</artikelnummer><var_id>1615.001</var_id><originalvs4nummer>WW1615.001      </originalvs4nummer><vpe>0</vpe>	0				11.950000	1						SY,KA,GR,ON,PA,F1,RA,F2,FA,FB,FC,IA,FD,IB,FE,KB,AA,T1,ET,FF,GH,BB,PR,FG,RB,90,RC,BR,NN,NR,E1,P1,FH,AN,01,FI,FJ,RD,RE,RF,E2,E3,RH,F2,RG,RI,AB,AC,BA,FK,KC,AD,BC,FL,P2,P3,FM,RJ,RK,FN,RL,RM,FO,FP,RN,FQ,FR,RO,P4,P5,FS,FT,FU,FY,RP,P6,P7,P8,P9,FZ,PA,PB,PC,PD,FX,RQ,RR,GA,GB,GC,GD,BD,RS,KD,C1,C2,FU,CA,RT,BE,GS,DE,CB,RU,RV,GE,BL,CD,RX,GQ,CH,BF,RZ,SA,SB,SC,SD,GT,AE,T2,BG,F8,HA,H8,L6,Z2,Z3,Z5,BS,Z6,W5,99,63,G1,03,Z7,Z8,Z9,ZA,V1,64,ZB,ZC,65,ZD,H1,NA,66,Z1,Y1,67,Y2,K3,ZE,04,K4,68,V2,69,F7,AQ,T5,MA,C3,AZ,70,A1,G0,HK,ZF,H2,G3,ZG,CC,C4,71,Z0,72,ZH,H3,ZI,GI,Y3,Y4,Y5,AY,G2,K2,73,DC,AX,95,MO,74,AF,AG,ZK,05,K5,75,C5,H4,02,AS,B1,ZL,MW,76,Y6,77,Y7,K7,78,V3,Y8,1A,NB,X3,79,Y9,AW,B2,AR,YA,B3,YB,AH,80,B4,AK,A7,81,81,AL,PE,SE,TA,TB,82,TC,BH,SF,CE,ZZ,NC,TP,KE,TD,WW,83,BH,AM,AI,KF,CF,PF,KG,FI,FV,GF,KH,BM,GG,HJ,PO,BJ,CG,SG,H5,AO,BK,FW,HB,HL,BI,GU,HC,GV,KJ,HM,G4,1B,BN,GJ,GK,HN,GW,A8,GM,GN,CI,GL,HO,1C,GO,SH,GP,PH,PJ,GX,GY,H6,HP,GZ,CK,1D,1E,ND,G5,ZX,PK,PL,AJ,HD,HE,HF,RY,SJ,SK,G7,PM,PN,PP,55,HG,HH,HR,PS,PT,SZ,AP,IC,ID,IE,A2,BT,A3,G8,CJ,IF,KL,PU,CK,P0,RW,PQ,HQ,1F,1G,IG,IH,IJ,00,IK,IL,IM,IN,IO,IP,91,XX,IQ,IR,SI,IS,HS,BO,SX,HT,HU,BX,IT,AV,DF,HV,VA,HW,PV,PX,IV,BP,HX,UI,TV,VB,A4,IU,HZ,MB,DA,YY,MC,SL,CL,CM,CN,PZ,KM,QA,CO,VC,QE,BQ,CP,QB,BU,BV,QC,19,VD,TE,VE,CQ,VF,BW,BY,BZ,QG,CR,QH,PW,QD,CS,VG,AT,DA,TF,TS,QE,CT,AU,CU,DG,DD,HY,VH,YC,A5,A6,ZM,TG,AU,A8,A9,TT,ZN,VJ,VK,DH,DB,ZJ,1H,T3,UA,KN,TU,ZP,D1,92,DI,DJ,QW,EE,M1,M2,SM,CU,R1,S,SN,KO,E7,E8,TW,SO,SP,KP,IW,QQ,B5,B6,QQ,QI,QJ,QK,QL,XA,QR,IZ,DP,VL,QM,QN,QO,QP,NE,YD,C6,C7,ED,EB,EC,KQ,TH,TJ,TK,TI,QS,QT,QU,QV,QX,DK,QY,EU,CX,DL,DM,TL,QZ,DV,DX,TM,QF,DT,DN,VM,DX,TX,TN,IX,TQ,XÖ,KS,SO,PY,XC,VN,VP,TR,TY,SQ,XY,TZ,ÜÜ,CV,ST,KR,DY,XD,SR,T4,TO,TD,CW,MD,ÖÖ,TP,XE,JA,KS,KT,DZ,B7,EA,VQ,EG,UB,EF,EH,EJ,EQ,OA,XF,XG,ME,UC,UD,UE,UF,MF,XH,06,K6,DO,EK,DS,DQ,EL,EM,VR,XM,MG,MH,VS,XN,MJ,50,MI,B8,UG,WP,XK,VT,MK,XL,MR,UH,VU,ML,VV,EN,UJ,MN,UK,UL,UM,MS,MT,B9,D2,D3,D4,D5,LA,VX,D6,MU,MM,MP,UN,UZ,MQ,MV,XZ,UY,UO,UX,NZ,07,UW,MY,MX,DR,MZ,NX,UP,WE,0A,0B,0D,Z4,0C,WF,WG,XB,W3,W2,NF,NG,NJ,C9,WT,KK,T7,93,JB,94,ER,ES,EV,JC,EW,JD,LB,EX,JE,JF,JG,JH,JK,NH,JL,OB,LD,LE,JM,NK,NL,YL,YM,NP,NQ,XP,XQ,JN,EP,NT,NM,DU,LF,JZ,XV,LG,JP,NV,NW,LH,JR,T6,LK,LY,OZ,LL,JX,YE,UQ,JQ,JU,LM,YF,YG,YH,11,JT	0.00								<maxwidth>0</maxwidth><maxlen>0</maxlen><minwidth>0</minwidth><minlen>0</minlen>						leer			y		1137974400	n							g1615001.jpg	g1615001.jpg	g1615001.jpg	g1615001.jpg																					<g><1>n</1><2></2><3>y</3><4>n</4></g>	21	2006-01-23		Briefmarken Schnupper-Lot Deutsche Kolonien und Auslandspostämter	1615.001	1	0		0,00					0	0	Altdeutschland				20 Euro	Deutsches Reich	Dt. Kolonien							gestempelt und postfrisch		10 verschiedene Werte																							0	B002	00018843	0		1	0	DHL
18736029	Preußen 1 Taler 1864-1871 Wilhelm I.	18736029	Stück	0	4	99.950000					<H2>"Taler des Katätschenprinzen" </H2> <P>1848 wollte Wilhelm I. die Revolution mit Kanonen (Kartätschen) niederschlagen lassen. Von Max Dortu bekam er daraufhin seinen Spitznamen "Kartätschenprinz". Münzen aus seiner Amtszeit als König sind selten und bei Sammlern überaus begehrt.</P> <P>&nbsp;</P> <P> <UL> <LI><STRONG>1 Taler! </STRONG></LI> <LI><STRONG>Wilhelm I. 1864-1871 (Jahrgang unserer Wahl)! </STRONG></LI> <LI><STRONG>AKS* 99! </STRONG></LI></UL> <P></P> <H3>&nbsp;</H3> <H3>Sichern Sie sich jetzt Ihr Exemplar! </H3> <P>&nbsp;</P> <P>AKS* Arnold/ Küthmann, Steinhilber: Großer deutscher Münzkatalog von 1800 bis heute!</P>			19.6		0				<1>y</1><11>0</11><12>0</12><13></13><21>Lieferzeit ca. 2-5 Werktage</21><22>Lieferzeit ca. 2-5 Werktage <!--Nur noch wenige Stück auf Lager--></22><23>Leider ausverkauft</23>	01-18736029	<artikelnummer>18736029</artikelnummer><var_id>18736029</var_id><originalvs4nummer>WW18736029      </originalvs4nummer><vpe>0</vpe>	0					1						SY,KA,GR,ON,PA,F1,RA,F2,FA,FB,FC,IA,FD,IB,FE,KB,AA,T1,ET,FF,GH,BB,PR,FG,RB,90,RC,BR,NN,NR,E1,P1,FH,AN,01,FI,FJ,RD,RE,RF,E2,E3,RH,F2,RG,RI,AB,AC,BA,FK,KC,AD,BC,FL,P2,P3,FM,RJ,RK,FN,RL,RM,FO,FP,RN,FQ,FR,RO,P4,P5,FS,FT,FU,FY,RP,P6,P7,P8,P9,FZ,PA,PB,PC,PD,FX,RQ,RR,GA,GB,GC,GD,BD,RS,KD,C1,C2,FU,CA,RT,BE,GS,DE,CB,RU,RV,GE,BL,CD,RX,GQ,CH,BF,RZ,SA,SB,SC,SD,GT,AE,T2,BG,F8,HA,H8,L6,Z2,Z3,Z5,BS,Z6,W5,99,63,G1,03,Z7,Z8,Z9,ZA,V1,64,ZB,ZC,65,ZD,H1,NA,66,Z1,Y1,67,Y2,K3,ZE,04,K4,68,V2,69,F7,AQ,T5,MA,C3,AZ,70,A1,G0,HK,ZF,H2,G3,ZG,CC,C4,71,Z0,72,ZH,H3,ZI,GI,Y3,Y4,Y5,AY,G2,K2,73,DC,AX,95,MO,74,AF,AG,ZK,05,K5,75,C5,H4,02,AS,B1,ZL,MW,76,Y6,77,Y7,K7,78,V3,Y8,1A,NB,X3,79,Y9,AW,B2,AR,YA,B3,YB,AH,80,B4,AK,A7,81,81,AL,PE,SE,TA,TB,82,TC,BH,SF,CE,ZZ,NC,TP,KE,TD,WW,83,BH,AM,AI,KF,CF,PF,KG,FI,FV,GF,KH,BM,GG,HJ,PO,BJ,CG,SG,H5,AO,BK,FW,HB,HL,BI,GU,HC,GV,KJ,HM,G4,1B,BN,GJ,GK,HN,GW,A8,GM,GN,CI,GL,HO,1C,GO,SH,GP,PH,PJ,GX,GY,H6,HP,GZ,CK,1D,1E,ND,G5,ZX,PK,PL,AJ,HD,HE,HF,RY,SJ,SK,G7,PM,PN,PP,55,HG,HH,HR,PS,PT,SZ,AP,IC,ID,IE,A2,BT,A3,G8,CJ,IF,KL,PU,CK,P0,RW,PQ,HQ,1F,1G,IG,IH,IJ,00,IK,IL,IM,IN,IO,IP,91,XX,IQ,IR,SI,IS,HS,BO,SX,HT,HU,BX,IT,AV,DF,HV,VA,HW,PV,PX,IV,BP,HX,UI,TV,VB,A4,IU,HZ,MB,DA,YY,MC,SL,CL,CM,CN,PZ,KM,QA,CO,VC,QE,BQ,CP,QB,BU,BV,QC,19,VD,TE,VE,CQ,VF,BW,BY,BZ,QG,CR,QH,PW,QD,CS,VG,AT,DA,TF,TS,QE,CT,AU,CU,DG,DD,HY,VH,YC,A5,A6,ZM,TG,AU,A8,A9,TT,ZN,VJ,VK,DH,DB,ZJ,1H,T3,UA,KN,TU,ZP,D1,92,DI,DJ,QW,EE,M1,M2,SM,CU,R1,S,SN,KO,E7,E8,TW,SO,SP,KP,IW,QQ,B5,B6,QQ,QI,QJ,QK,QL,XA,QR,IZ,DP,VL,QM,QN,QO,QP,NE,YD,C6,C7,ED,EB,EC,KQ,TH,TJ,TK,TI,QS,QT,QU,QV,QX,DK,QY,EU,CX,DL,DM,TL,QZ,DV,DX,TM,QF,DT,DN,VM,DX,TX,TN,IX,TQ,XÖ,KS,SO,PY,XC,VN,VP,TR,TY,SQ,XY,TZ,ÜÜ,CV,ST,KR,DY,XD,SR,T4,TO,TD,CW,MD,ÖÖ,TP,XE,JA,KS,KT,DZ,B7,EA,VQ,EG,UB,EF,EH,EJ,EQ,OA,XF,XG,ME,UC,UD,UE,UF,MF,XH,06,K6,DO,EK,DS,DQ,EL,EM,VR,XM,MG,MH,VS,XN,MJ,50,MI,B8,UG,WP,XK,VT,MK,XL,MR,UH,VU,ML,VV,EN,UJ,MN,UK,UL,UM,MS,MT,B9,D2,D3,D4,D5,LA,VX,D6,MU,MM,MP,UN,UZ,MQ,MV,XZ,UY,UO,UX,NZ,07,UW,MY,MX,DR,MZ,NX,UP,WE,0A,0B,0D,Z4,0C,WF,WG,XB,W3,W2,NF,NG,NJ,C9,WT,KK,T7,93,JB,94,ER,ES,EV,JC,EW,JD,LB,EX,JE,JF,JG,JH,JK,NH,JL,OB,LD,LE,JM,NK,NL,YL,YM,NP,NQ,XP,XQ,JN,EP,NT,NM,DU,LF,JZ,XV,LG,JP,NV,NW,LH,JR,T6,LK,LY,OZ,LL,JX,YE,UQ,JQ,JU,LM,YF,YG,YH,11,JT	0.00								<maxwidth>0</maxwidth><maxlen>0</maxlen><minwidth>0</minwidth><minlen>0</minlen>						leer			y		1430352000	n							18736029.jpg	18736029.jpg	18736029.jpg	18736029.jpg	18736029_1.jpg	18736029_1.jpg	18736029_1.jpg	18736029_1.jpg																	<g><1>n</1><2></2><3>y</3><4>n</4></g>	0	2015-04-30		Preußen 1 Taler 1864-1871 Wilhelm I.	18736029	1	6		0,00						8	Preußen	1 Taler											1868 - 1871	schön bis sehr schön																							Thun 270		0	38	00018853	0,4		1	19	DHL
19716010	Hamburg 20 Mark Goldmünze Kleiner Adler	19716010	Stück	0	4	349.000000					<H2>Kostbare Kaiserreich-Goldmünze der Freien und Hansestadt Hamburg mit der Wertseite "Kleiner Adler*" </H2> <P>Von Kaiser Friedrich Barbarossa erhielt Hamburg 1189 das Privileg, Zoll auf der Elbe zu erheben und wurde dann Freie Reichsstadt. Im Mittelalter spielte Hamburg eine wichtige Rolle in der Hanse. 1866 trat Hamburg dem Norddeutschen Bund bei und wurde 1871 ein souveräner Bundesstaat im Deutschen Reich. Mit der Zunahme der Seeschifffahrt und des Welthandels in der zweiten Hälfte des 19. Jahrhunderts musste Hamburg seine Hafen- und Lagerkapazitäten weiter ausbauen: Zwischen 1881 und 1888 wurde die Speicherstadt gebaut, 1888 der Freihafen geschaffen.</P> <P>&nbsp;<BR></P> <H3>Sichern Sie sich jetzt Ihr Exemplar! </H3> <P><BR></P>*Kleiner Adler/Großer Adler: Bis 1890/1891 trug der auf den Münzen geprägte Reichsadler einen großen Hohenzollernschild auf der Brust, der die Vorherrschaft Preußens im Reich symbolisierte. Die später geprägten Münzen mit großem Reichsadler und kleinem Brustschild betonten die Einheit des Reiches.		Deutsches Kaiserreich, Kaiserreich, Hambug Wappen, Gold Kaiserreich, Goldmünze, 900 Gold, Hamburg Gold, Wappen Gold, Wappen Mark, Gold Mark, Hansestadt Mark, 20 Mark, Jaeger 210, J 210,	1000		1				<1>y</1><11>0</11><12>2</12><13>y</13><21>Lieferzeit ca. 2-5 Werktage</21><22>Lieferzeit ca. 2-5 Werktage <!--Nur noch wenige Stück auf Lager--></22><23>Lieferzeit ca. 1-2 Wochen</23>	01-19716010	<artikelnummer>19716010</artikelnummer><var_id>19716010</var_id><originalvs4nummer>WW19716010      </originalvs4nummer><vpe>0</vpe>	0				389.000000	1						SY,KA,GR,ON,PA,F1,RA,F2,FA,FB,FC,IA,FD,IB,FE,KB,AA,T1,ET,FF,GH,BB,PR,FG,RB,90,RC,BR,NN,NR,E1,P1,FH,AN,01,FI,FJ,RD,RE,RF,E2,E3,RH,F2,RG,RI,AB,AC,BA,FK,KC,AD,BC,FL,P2,P3,FM,RJ,RK,FN,RL,RM,FO,FP,RN,FQ,FR,RO,P4,P5,FS,FT,FU,FY,RP,P6,P7,P8,P9,FZ,PA,PB,PC,PD,FX,RQ,RR,GA,GB,GC,GD,BD,RS,KD,C1,C2,FU,CA,RT,BE,GS,DE,CB,RU,RV,GE,BL,CD,RX,GQ,CH,BF,RZ,SA,SB,SC,SD,GT,AE,T2,BG,F8,HA,H8,L6,Z2,Z3,Z5,BS,Z6,W5,99,63,G1,03,Z7,Z8,Z9,ZA,V1,64,ZB,ZC,65,ZD,H1,NA,66,Z1,Y1,67,Y2,K3,ZE,04,K4,68,V2,69,F7,AQ,T5,MA,C3,AZ,70,A1,G0,HK,ZF,H2,G3,ZG,CC,C4,71,Z0,72,ZH,H3,ZI,GI,Y3,Y4,Y5,AY,G2,K2,73,DC,AX,95,MO,74,AF,AG,ZK,05,K5,75,C5,H4,02,AS,B1,ZL,MW,76,Y6,77,Y7,K7,78,V3,Y8,1A,NB,X3,79,Y9,AW,B2,AR,YA,B3,YB,AH,80,B4,AK,A7,81,81,AL,PE,SE,TA,TB,82,TC,BH,SF,CE,ZZ,NC,TP,KE,TD,WW,83,BH,AM,AI,KF,CF,PF,KG,FI,FV,GF,KH,BM,GG,HJ,PO,BJ,CG,SG,H5,AO,BK,FW,HB,HL,BI,GU,HC,GV,KJ,HM,G4,1B,BN,GJ,GK,HN,GW,A8,GM,GN,CI,GL,HO,1C,GO,SH,GP,PH,PJ,GX,GY,H6,HP,GZ,CK,1D,1E,ND,G5,ZX,PK,PL,AJ,HD,HE,HF,RY,SJ,SK,G7,PM,PN,PP,55,HG,HH,HR,PS,PT,SZ,AP,IC,ID,IE,A2,BT,A3,G8,CJ,IF,KL,PU,CK,P0,RW,PQ,HQ,1F,1G,IG,IH,IJ,00,IK,IL,IM,IN,IO,IP,91,XX,IQ,IR,SI,IS,HS,BO,SX,HT,HU,BX,IT,AV,DF,HV,VA,HW,PV,PX,IV,BP,HX,UI,TV,VB,A4,IU,HZ,MB,DA,YY,MC,SL,CL,CM,CN,PZ,KM,QA,CO,VC,QE,BQ,CP,QB,BU,BV,QC,19,VD,TE,VE,CQ,VF,BW,BY,BZ,QG,CR,QH,PW,QD,CS,VG,AT,DA,TF,TS,QE,CT,AU,CU,DG,DD,HY,VH,YC,A5,A6,ZM,TG,AU,A8,A9,TT,ZN,VJ,VK,DH,DB,ZJ,1H,T3,UA,KN,TU,ZP,D1,92,DI,DJ,QW,EE,M1,M2,SM,CU,R1,S,SN,KO,E7,E8,TW,SO,SP,KP,IW,QQ,B5,B6,QQ,QI,QJ,QK,QL,XA,QR,IZ,DP,VL,QM,QN,QO,QP,NE,YD,C6,C7,ED,EB,EC,KQ,TH,TJ,TK,TI,QS,QT,QU,QV,QX,DK,QY,EU,CX,DL,DM,TL,QZ,DV,DX,TM,QF,DT,DN,VM,DX,TX,TN,IX,TQ,XÖ,KS,SO,PY,XC,VN,VP,TR,TY,SQ,XY,TZ,ÜÜ,CV,ST,KR,DY,XD,SR,T4,TO,TD,CW,MD,ÖÖ,TP,XE,JA,KS,KT,DZ,B7,EA,VQ,EG,UB,EF,EH,EJ,EQ,OA,XF,XG,ME,UC,UD,UE,UF,MF,XH,06,K6,DO,EK,DS,DQ,EL,EM,VR,XM,MG,MH,VS,XN,MJ,50,MI,B8,UG,WP,XK,VT,MK,XL,MR,UH,VU,ML,VV,EN,UJ,MN,UK,UL,UM,MS,MT,B9,D2,D3,D4,D5,LA,VX,D6,MU,MM,MP,UN,UZ,MQ,MV,XZ,UY,UO,UX,NZ,07,UW,MY,MX,DR,MZ,NX,UP,WE,0A,0B,0D,Z4,0C,WF,WG,XB,W3,W2,NF,NG,NJ,C9,WT,KK,T7,93,JB,94,ER,ES,EV,JC,EW,JD,LB,EX,JE,JF,JG,JH,JK,NH,JL,OB,LD,LE,JM,NK,NL,YL,YM,NP,NQ,XP,XQ,JN,EP,NT,NM,DU,LF,JZ,XV,LG,JP,NV,NW,LH,JR,T6,LK,LY,OZ,LL,JX,YE,UQ,JQ,JU,LM,YF,YG,YH,11,JT	0.00								<maxwidth>0</maxwidth><maxlen>0</maxlen><minwidth>0</minwidth><minlen>0</minlen>						leer			y		1351209600	n							19716010.jpg	19716010.jpg	19716010.jpg	19716010.jpg	19716010_1.jpg	19716010_1.jpg	19716010_1.jpg	19716010_1.jpg																	<g><1>n</1><2></2><3>y</3><4>n</4></g>	5	2012-10-26		Hamburg 20 Mark Goldmünze Kleiner Adler	19716010	1	0		0,00					0	0	Deutsches Kaiserrreich ( Hamburg )	20 Reichsmark											zwischen 1875 und 1889	sehr schön bis vorzüglich	900er Gold	7, 96 g										Ø 22,5 mm											Jäger 210		0		00018854	0		1	0	DHL - Sonderpick
19726017	Preußen 2 Mark Silbermünzenim Set Deutschlands Kaiser	19726017	Stück	0	4	149.000000					<H2>Silbermünzen-Set der drei Deutschen Kaiser Wilhelm I., Friedrich III. &amp; Wilhelm II. </H2> <P>Der König von Preußen war zugleich Deutscher Kaiser, der preußische Ministerpräsident zugleich Reichskanzler. Auf Wilhelm I. . (*22. März 1797, verstorben am 9. März 1888) folgte im März 1888 der bereits schwerkranke Friedrich III. (*18. Oktober 1831, verstorben am 15. Juni 1888), der nach einer Regierungszeit von nur 99 Tagen verstarb. Im Juni des "Drei-Kaiser-Jahres" bestieg Wilhelm II. (*27. Januar 1859, verstorben am 4. Juni 1941) den Thron.</P> <P>&nbsp;</P> <H3>Die Deutschen Kaiser in Silber! </H3>		Kaiser Deutschland, Deutschland Preußen, preußen Mark, Preußen Silber,  20 Mark, Mark Gold, Deutschland Silber, Wilhelm Friedrich,  900 Silber, Silbermünze, Münze Kaiser, Kaiser Mark, Preußen Kaiser, Set silber, Set Kaiser,	33.33		1				<1>y</1><11>0</11><12>0</12><13>y</13><21>Lieferzeit ca. 2-5 Werktage</21><22>Lieferzeit ca. 2-5 Werktage <!--Nur noch wenige Stück auf Lager--></22><23>Lieferzeit ca. 1-2 Wochen</23>	01-19726017	<artikelnummer>19726017</artikelnummer><var_id>19726017</var_id><originalvs4nummer>WW19726017      </originalvs4nummer><vpe>0</vpe>	0					1						SY,KA,GR,ON,PA,F1,RA,F2,FA,FB,FC,IA,FD,IB,FE,KB,AA,T1,ET,FF,GH,BB,PR,FG,RB,90,RC,BR,NN,NR,E1,P1,FH,AN,01,FI,FJ,RD,RE,RF,E2,E3,RH,F2,RG,RI,AB,AC,BA,FK,KC,AD,BC,FL,P2,P3,FM,RJ,RK,FN,RL,RM,FO,FP,RN,FQ,FR,RO,P4,P5,FS,FT,FU,FY,RP,P6,P7,P8,P9,FZ,PA,PB,PC,PD,FX,RQ,RR,GA,GB,GC,GD,BD,RS,KD,C1,C2,FU,CA,RT,BE,GS,DE,CB,RU,RV,GE,BL,CD,RX,GQ,CH,BF,RZ,SA,SB,SC,SD,GT,AE,T2,BG,F8,HA,H8,L6,Z2,Z3,Z5,BS,Z6,W5,99,63,G1,03,Z7,Z8,Z9,ZA,V1,64,ZB,ZC,65,ZD,H1,NA,66,Z1,Y1,67,Y2,K3,ZE,04,K4,68,V2,69,F7,AQ,T5,MA,C3,AZ,70,A1,G0,HK,ZF,H2,G3,ZG,CC,C4,71,Z0,72,ZH,H3,ZI,GI,Y3,Y4,Y5,AY,G2,K2,73,DC,AX,95,MO,74,AF,AG,ZK,05,K5,75,C5,H4,02,AS,B1,ZL,MW,76,Y6,77,Y7,K7,78,V3,Y8,1A,NB,X3,79,Y9,AW,B2,AR,YA,B3,YB,AH,80,B4,AK,A7,81,81,AL,PE,SE,TA,TB,82,TC,BH,SF,CE,ZZ,NC,TP,KE,TD,WW,83,BH,AM,AI,KF,CF,PF,KG,FI,FV,GF,KH,BM,GG,HJ,PO,BJ,CG,SG,H5,AO,BK,FW,HB,HL,BI,GU,HC,GV,KJ,HM,G4,1B,BN,GJ,GK,HN,GW,A8,GM,GN,CI,GL,HO,1C,GO,SH,GP,PH,PJ,GX,GY,H6,HP,GZ,CK,1D,1E,ND,G5,ZX,PK,PL,AJ,HD,HE,HF,RY,SJ,SK,G7,PM,PN,PP,55,HG,HH,HR,PS,PT,SZ,AP,IC,ID,IE,A2,BT,A3,G8,CJ,IF,KL,PU,CK,P0,RW,PQ,HQ,1F,1G,IG,IH,IJ,00,IK,IL,IM,IN,IO,IP,91,XX,IQ,IR,SI,IS,HS,BO,SX,HT,HU,BX,IT,AV,DF,HV,VA,HW,PV,PX,IV,BP,HX,UI,TV,VB,A4,IU,HZ,MB,DA,YY,MC,SL,CL,CM,CN,PZ,KM,QA,CO,VC,QE,BQ,CP,QB,BU,BV,QC,19,VD,TE,VE,CQ,VF,BW,BY,BZ,QG,CR,QH,PW,QD,CS,VG,AT,DA,TF,TS,QE,CT,AU,CU,DG,DD,HY,VH,YC,A5,A6,ZM,TG,AU,A8,A9,TT,ZN,VJ,VK,DH,DB,ZJ,1H,T3,UA,KN,TU,ZP,D1,92,DI,DJ,QW,EE,M1,M2,SM,CU,R1,S,SN,KO,E7,E8,TW,SO,SP,KP,IW,QQ,B5,B6,QQ,QI,QJ,QK,QL,XA,QR,IZ,DP,VL,QM,QN,QO,QP,NE,YD,C6,C7,ED,EB,EC,KQ,TH,TJ,TK,TI,QS,QT,QU,QV,QX,DK,QY,EU,CX,DL,DM,TL,QZ,DV,DX,TM,QF,DT,DN,VM,DX,TX,TN,IX,TQ,XÖ,KS,SO,PY,XC,VN,VP,TR,TY,SQ,XY,TZ,ÜÜ,CV,ST,KR,DY,XD,SR,T4,TO,TD,CW,MD,ÖÖ,TP,XE,JA,KS,KT,DZ,B7,EA,VQ,EG,UB,EF,EH,EJ,EQ,OA,XF,XG,ME,UC,UD,UE,UF,MF,XH,06,K6,DO,EK,DS,DQ,EL,EM,VR,XM,MG,MH,VS,XN,MJ,50,MI,B8,UG,WP,XK,VT,MK,XL,MR,UH,VU,ML,VV,EN,UJ,MN,UK,UL,UM,MS,MT,B9,D2,D3,D4,D5,LA,VX,D6,MU,MM,MP,UN,UZ,MQ,MV,XZ,UY,UO,UX,NZ,07,UW,MY,MX,DR,MZ,NX,UP,WE,0A,0B,0D,Z4,0C,WF,WG,XB,W3,W2,NF,NG,NJ,C9,WT,KK,T7,93,JB,94,ER,ES,EV,JC,EW,JD,LB,EX,JE,JF,JG,JH,JK,NH,JL,OB,LD,LE,JM,NK,NL,YL,YM,NP,NQ,XP,XQ,JN,EP,NT,NM,DU,LF,JZ,XV,LG,JP,NV,NW,LH,JR,T6,LK,LY,OZ,LL,JX,YE,UQ,JQ,JU,LM,YF,YG,YH,11,JT	0.00								<maxwidth>0</maxwidth><maxlen>0</maxlen><minwidth>0</minwidth><minlen>0</minlen>						leer			y		1358726400	n							19726017.jpg	19726017.jpg	19726017.jpg	19726017.jpg	19726017_1.jpg	19726017_1.jpg	19726017_1.jpg	19726017_1.jpg																	<g><1>n</1><2></2><3>y</3><4>n</4></g>	5	2013-01-21		Preußen 2 Mark Silbermünzenim Set Deutschlands Kaiser	19726017	1	0		0,00					0	0	Deutschland ( Preußen )	2 Mark												sehr schön bis vorzüglich	900er Silber	3 Münzen je 11,111 g										Ø 28 mm											Jaeger 96, 98, 102		0		00018860	0		1	0	DHL
19726068	Bayern 5 Mark Silbermünze 1911 Prinzregent Luitpold	19726068	Stück	0	4	119.000000					<H2>Bayern 5 Mark 1911 - 90. Geburtstag und 25. Regierungsjubiläum Luitpolds </H2> <P>Eine ganz besondere Silberrarität: Erstmals- und zum einzigen Mal- wurden zum 90. Geburtstag des bayrischen Prinzregenten Luitpold 1911 Münzen geprägt: Seltene und begehrte 2, 3und 5 Mark-Silbermünzen. Als am 9. Juni 1886 der König von Bayern Ludwig II. durch die Staatsregierung als "seelengestört" entmündigt wurde, übernahm dessen Onkel Luitpold (geboren am 12. März 1821, und gestorben am 12. Dezember 1912) die Regierungsgeschäfte. Nach Ludwigs Tod am 13. Juni 1886 wurde dessen jüngerer Bruder Otto (1848 - 1916) König von Bayern. Doch da Otto wegen seiner Geisteskrankheit regierungsunfähig war, regierte weiterhin Prinzregent Luitpold bis zu seinem eigenen Tod.</P> <P>&nbsp;<BR></P> <H3>Einzige Münze mit Luitpold! </H3>		Kaiserreich 1911, 5 Mark, Kaiserreich Mark, Mark 1911, Prinzregent Luitpold,  Silbermark, Silber, J 50, Jäger 50, Luitpold Mark, Deutsches Kaiserreich, Münze Kaisserreich, Silbermünze,	16.7		1				<1>y</1><11>0</11><12>0</12><13>y</13><21>Lieferzeit ca. 2-5 Werktage</21><22>Lieferzeit ca. 2-5 Werktage <!--Nur noch wenige Stück auf Lager--></22><23>Lieferzeit ca. 1-2 Wochen</23>	01-19726068	<artikelnummer>19726068</artikelnummer><var_id>19726068</var_id><originalvs4nummer>WW19726068      </originalvs4nummer><vpe>0</vpe>	0				158.000000	1						SY,KA,GR,ON,PA,F1,RA,F2,FA,FB,FC,IA,FD,IB,FE,KB,AA,T1,ET,FF,GH,BB,PR,FG,RB,90,RC,BR,NN,NR,E1,P1,FH,AN,01,FI,FJ,RD,RE,RF,E2,E3,RH,F2,RG,RI,AB,AC,BA,FK,KC,AD,BC,FL,P2,P3,FM,RJ,RK,FN,RL,RM,FO,FP,RN,FQ,FR,RO,P4,P5,FS,FT,FU,FY,RP,P6,P7,P8,P9,FZ,PA,PB,PC,PD,FX,RQ,RR,GA,GB,GC,GD,BD,RS,KD,C1,C2,FU,CA,RT,BE,GS,DE,CB,RU,RV,GE,BL,CD,RX,GQ,CH,BF,RZ,SA,SB,SC,SD,GT,AE,T2,BG,F8,HA,H8,L6,Z2,Z3,Z5,BS,Z6,W5,99,63,G1,03,Z7,Z8,Z9,ZA,V1,64,ZB,ZC,65,ZD,H1,NA,66,Z1,Y1,67,Y2,K3,ZE,04,K4,68,V2,69,F7,AQ,T5,MA,C3,AZ,70,A1,G0,HK,ZF,H2,G3,ZG,CC,C4,71,Z0,72,ZH,H3,ZI,GI,Y3,Y4,Y5,AY,G2,K2,73,DC,AX,95,MO,74,AF,AG,ZK,05,K5,75,C5,H4,02,AS,B1,ZL,MW,76,Y6,77,Y7,K7,78,V3,Y8,1A,NB,X3,79,Y9,AW,B2,AR,YA,B3,YB,AH,80,B4,AK,A7,81,81,AL,PE,SE,TA,TB,82,TC,BH,SF,CE,ZZ,NC,TP,KE,TD,WW,83,BH,AM,AI,KF,CF,PF,KG,FI,FV,GF,KH,BM,GG,HJ,PO,BJ,CG,SG,H5,AO,BK,FW,HB,HL,BI,GU,HC,GV,KJ,HM,G4,1B,BN,GJ,GK,HN,GW,A8,GM,GN,CI,GL,HO,1C,GO,SH,GP,PH,PJ,GX,GY,H6,HP,GZ,CK,1D,1E,ND,G5,ZX,PK,PL,AJ,HD,HE,HF,RY,SJ,SK,G7,PM,PN,PP,55,HG,HH,HR,PS,PT,SZ,AP,IC,ID,IE,A2,BT,A3,G8,CJ,IF,KL,PU,CK,P0,RW,PQ,HQ,1F,1G,IG,IH,IJ,00,IK,IL,IM,IN,IO,IP,91,XX,IQ,IR,SI,IS,HS,BO,SX,HT,HU,BX,IT,AV,DF,HV,VA,HW,PV,PX,IV,BP,HX,UI,TV,VB,A4,IU,HZ,MB,DA,YY,MC,SL,CL,CM,CN,PZ,KM,QA,CO,VC,QE,BQ,CP,QB,BU,BV,QC,19,VD,TE,VE,CQ,VF,BW,BY,BZ,QG,CR,QH,PW,QD,CS,VG,AT,DA,TF,TS,QE,CT,AU,CU,DG,DD,HY,VH,YC,A5,A6,ZM,TG,AU,A8,A9,TT,ZN,VJ,VK,DH,DB,ZJ,1H,T3,UA,KN,TU,ZP,D1,92,DI,DJ,QW,EE,M1,M2,SM,CU,R1,S,SN,KO,E7,E8,TW,SO,SP,KP,IW,QQ,B5,B6,QQ,QI,QJ,QK,QL,XA,QR,IZ,DP,VL,QM,QN,QO,QP,NE,YD,C6,C7,ED,EB,EC,KQ,TH,TJ,TK,TI,QS,QT,QU,QV,QX,DK,QY,EU,CX,DL,DM,TL,QZ,DV,DX,TM,QF,DT,DN,VM,DX,TX,TN,IX,TQ,XÖ,KS,SO,PY,XC,VN,VP,TR,TY,SQ,XY,TZ,ÜÜ,CV,ST,KR,DY,XD,SR,T4,TO,TD,CW,MD,ÖÖ,TP,XE,JA,KS,KT,DZ,B7,EA,VQ,EG,UB,EF,EH,EJ,EQ,OA,XF,XG,ME,UC,UD,UE,UF,MF,XH,06,K6,DO,EK,DS,DQ,EL,EM,VR,XM,MG,MH,VS,XN,MJ,50,MI,B8,UG,WP,XK,VT,MK,XL,MR,UH,VU,ML,VV,EN,UJ,MN,UK,UL,UM,MS,MT,B9,D2,D3,D4,D5,LA,VX,D6,MU,MM,MP,UN,UZ,MQ,MV,XZ,UY,UO,UX,NZ,07,UW,MY,MX,DR,MZ,NX,UP,WE,0A,0B,0D,Z4,0C,WF,WG,XB,W3,W2,NF,NG,NJ,C9,WT,KK,T7,93,JB,94,ER,ES,EV,JC,EW,JD,LB,EX,JE,JF,JG,JH,JK,NH,JL,OB,LD,LE,JM,NK,NL,YL,YM,NP,NQ,XP,XQ,JN,EP,NT,NM,DU,LF,JZ,XV,LG,JP,NV,NW,LH,JR,T6,LK,LY,OZ,LL,JX,YE,UQ,JQ,JU,LM,YF,YG,YH,11,JT	0.00								<maxwidth>0</maxwidth><maxlen>0</maxlen><minwidth>0</minwidth><minlen>0</minlen>						leer			y		1351209600	n							19726068.jpg	19726068.jpg	19726068.jpg	19726068.jpg	19726068_1.jpg	19726068_1.jpg	19726068_1.jpg	19726068_1.jpg																	<g><1>n</1><2></2><3>y</3><4>n</4></g>	1	2012-10-26		Bayern 5 Mark Silbermünze 1911 Prinzregent Luitpold	19726068	1	0		0,00					0	0	Deutsches Kaiserreich - Königreich Bayern	5 Mark											1911		900er Silber	27,778g										Ø 28mm									160.000		Jaeger 50		0		00018866	0		1	0	DHL - Sonderpick
19726086	Hessen 5 Mark Silbermünze 1904 Philipp der Großmütige	19726086	Stück	0	4	199.000000					<H2>Ausgegeben zum 400. Geburtstag von Philipp dem Großmütigen </H2> <P>Philipp von Hessen (*13.11.1504, verstorben am 31.03.1567), gründete 1527 in Marburg die zweite protestantische Universität der Welt gegründet (die älteste protestantische Universität hat 1526 bis 1530 im schlesischen Liegnitz bestanden). Dort fand 1529 das Marburger Religionsgespräch zwischen den Reformatoren Martin Luther und Ulrich Zwingli statt, von dem sich Philipp - als einer der geistigen und politischen Anführer der Reformation - die Einigung des Protestantismus erhoffte.</P> <P>&nbsp;<BR></P> <H3>Sichern Sie sich jetzt Ihr Exemplar! </H3>		Kaiserreich 1904, 5 Mark, Kaiserreich Mark, Mark 1904, Philipp der Großmütige, Silbermark, Silber, J 75, Jäger 75, Hessen Mark, Deutsches Kaiserreich, Münze Kaisserreich, Silbermünze, Philipp Mark,	30		1				<1>y</1><11>0</11><12>2</12><13>y</13><21>Lieferzeit ca. 2-5 Werktage</21><22>Lieferzeit ca. 2-5 Werktage <!--Nur noch wenige Stück auf Lager--></22><23>Lieferzeit ca. 1-2 Wochen</23>	01-19726086	<artikelnummer>19726086</artikelnummer><var_id>19726086</var_id><originalvs4nummer>WW19726086      </originalvs4nummer><vpe>0</vpe>	0					1						SY,KA,GR,ON,PA,F1,RA,F2,FA,FB,FC,IA,FD,IB,FE,KB,AA,T1,ET,FF,GH,BB,PR,FG,RB,90,RC,BR,NN,NR,E1,P1,FH,AN,01,FI,FJ,RD,RE,RF,E2,E3,RH,F2,RG,RI,AB,AC,BA,FK,KC,AD,BC,FL,P2,P3,FM,RJ,RK,FN,RL,RM,FO,FP,RN,FQ,FR,RO,P4,P5,FS,FT,FU,FY,RP,P6,P7,P8,P9,FZ,PA,PB,PC,PD,FX,RQ,RR,GA,GB,GC,GD,BD,RS,KD,C1,C2,FU,CA,RT,BE,GS,DE,CB,RU,RV,GE,BL,CD,RX,GQ,CH,BF,RZ,SA,SB,SC,SD,GT,AE,T2,BG,F8,HA,H8,L6,Z2,Z3,Z5,BS,Z6,W5,99,63,G1,03,Z7,Z8,Z9,ZA,V1,64,ZB,ZC,65,ZD,H1,NA,66,Z1,Y1,67,Y2,K3,ZE,04,K4,68,V2,69,F7,AQ,T5,MA,C3,AZ,70,A1,G0,HK,ZF,H2,G3,ZG,CC,C4,71,Z0,72,ZH,H3,ZI,GI,Y3,Y4,Y5,AY,G2,K2,73,DC,AX,95,MO,74,AF,AG,ZK,05,K5,75,C5,H4,02,AS,B1,ZL,MW,76,Y6,77,Y7,K7,78,V3,Y8,1A,NB,X3,79,Y9,AW,B2,AR,YA,B3,YB,AH,80,B4,AK,A7,81,81,AL,PE,SE,TA,TB,82,TC,BH,SF,CE,ZZ,NC,TP,KE,TD,WW,83,BH,AM,AI,KF,CF,PF,KG,FI,FV,GF,KH,BM,GG,HJ,PO,BJ,CG,SG,H5,AO,BK,FW,HB,HL,BI,GU,HC,GV,KJ,HM,G4,1B,BN,GJ,GK,HN,GW,A8,GM,GN,CI,GL,HO,1C,GO,SH,GP,PH,PJ,GX,GY,H6,HP,GZ,CK,1D,1E,ND,G5,ZX,PK,PL,AJ,HD,HE,HF,RY,SJ,SK,G7,PM,PN,PP,55,HG,HH,HR,PS,PT,SZ,AP,IC,ID,IE,A2,BT,A3,G8,CJ,IF,KL,PU,CK,P0,RW,PQ,HQ,1F,1G,IG,IH,IJ,00,IK,IL,IM,IN,IO,IP,91,XX,IQ,IR,SI,IS,HS,BO,SX,HT,HU,BX,IT,AV,DF,HV,VA,HW,PV,PX,IV,BP,HX,UI,TV,VB,A4,IU,HZ,MB,DA,YY,MC,SL,CL,CM,CN,PZ,KM,QA,CO,VC,QE,BQ,CP,QB,BU,BV,QC,19,VD,TE,VE,CQ,VF,BW,BY,BZ,QG,CR,QH,PW,QD,CS,VG,AT,DA,TF,TS,QE,CT,AU,CU,DG,DD,HY,VH,YC,A5,A6,ZM,TG,AU,A8,A9,TT,ZN,VJ,VK,DH,DB,ZJ,1H,T3,UA,KN,TU,ZP,D1,92,DI,DJ,QW,EE,M1,M2,SM,CU,R1,S,SN,KO,E7,E8,TW,SO,SP,KP,IW,QQ,B5,B6,QQ,QI,QJ,QK,QL,XA,QR,IZ,DP,VL,QM,QN,QO,QP,NE,YD,C6,C7,ED,EB,EC,KQ,TH,TJ,TK,TI,QS,QT,QU,QV,QX,DK,QY,EU,CX,DL,DM,TL,QZ,DV,DX,TM,QF,DT,DN,VM,DX,TX,TN,IX,TQ,XÖ,KS,SO,PY,XC,VN,VP,TR,TY,SQ,XY,TZ,ÜÜ,CV,ST,KR,DY,XD,SR,T4,TO,TD,CW,MD,ÖÖ,TP,XE,JA,KS,KT,DZ,B7,EA,VQ,EG,UB,EF,EH,EJ,EQ,OA,XF,XG,ME,UC,UD,UE,UF,MF,XH,06,K6,DO,EK,DS,DQ,EL,EM,VR,XM,MG,MH,VS,XN,MJ,50,MI,B8,UG,WP,XK,VT,MK,XL,MR,UH,VU,ML,VV,EN,UJ,MN,UK,UL,UM,MS,MT,B9,D2,D3,D4,D5,LA,VX,D6,MU,MM,MP,UN,UZ,MQ,MV,XZ,UY,UO,UX,NZ,07,UW,MY,MX,DR,MZ,NX,UP,WE,0A,0B,0D,Z4,0C,WF,WG,XB,W3,W2,NF,NG,NJ,C9,WT,KK,T7,93,JB,94,ER,ES,EV,JC,EW,JD,LB,EX,JE,JF,JG,JH,JK,NH,JL,OB,LD,LE,JM,NK,NL,YL,YM,NP,NQ,XP,XQ,JN,EP,NT,NM,DU,LF,JZ,XV,LG,JP,NV,NW,LH,JR,T6,LK,LY,OZ,LL,JX,YE,UQ,JQ,JU,LM,YF,YG,YH,11,JT	0.00								<maxwidth>0</maxwidth><maxlen>0</maxlen><minwidth>0</minwidth><minlen>0</minlen>						leer			y		1351209600	n							19726086.jpg	19726086.jpg	19726086.jpg	19726086.jpg	19726086_1.jpg	19726086_1.jpg	19726086_1.jpg	19726086_1.jpg																	<g><1>n</1><2></2><3>y</3><4>n</4></g>	0	2012-10-26		Hessen 5 Mark Silbermünze 1904 Philipp der Großmütige	19726086	1	0		0,00					0	0	Deutsches Kaiserreich - Großherzogtum Hessen	5 Mark											1904		900er Silber	27.778g										Ø 38mm											Jaeger 75		0		00018868	0		1	0	DHL - Sonderpick
19726091	Lübeck 2 Mark Silbermünze 1901 Wappen Lübeck J. 80	19726091	Stück	0	4	369.000000					<h2>2 Mark 1901 Wappen L&uuml;beck</h2><ul><li><strong>Jaeger-Nr.80!</strong></li> <li><strong>900er Silber!</strong></li> <li><strong>Auflage nur 25.000 Exemplare!</strong></li> </ul><p>Auf die Zeit Karls des Gro&szlig;en geht eine erste Ansiedelung im Gebiet des heutigen L&uuml;beck zur&uuml;ck. Dieses slawische Liubice, das sich an der M&uuml;ndung von der Schwartau in die Trave befand, war ab dem 10. Jahrhundert neben Oldenburg die wichtigste Siedlung der Abodriten (auch Obodriten), einem elbslawischen Stammesverband, aus dem das bis 1918 herrschende mecklenburgische Adelsgeschlecht hervorging.</p> <p><strong>1072 wurde die Stadt als 'Liubice' erstmals urkundlich erw&auml;hnt.</strong> 1138 zerst&ouml;rten heidnische Slawen die Stadt. 1143 gr&uuml;ndete Graf Adolf II von Schauenburg L&uuml;beck als deutsche Stadt auf der Halbinsel zwischen Trave und Wakenitz. 1157 brannte die Stadt v&ouml;llig nieder. 1159 gr&uuml;ndete Herzog Heinrich der L&ouml;we L&uuml;beck ein zweites Mal. Es war dann Kaiser Friedrich II., der die Stadt L&uuml;beck 1226 zur freien Reichsstadt erhob. Fortan waren Rat und B&uuml;rgerschaft nur dem Kaiser untertan und somit unabh&auml;ngig von Grafen, Herzogen oder Bisch&ouml;fen. Diese Reichsunmittelbarkeit erm&ouml;glichte L&uuml;beck die Entwicklung eines eigenes Rechts, was eine starke und selbst&auml;ndige Handelspolitik zur Folge hatte. L&uuml;beck wurde zum Hauptort der Hanse und war zeitweise die wichtigste Handelsstadt des n&ouml;rdlichen Europa.</p> <p>Im 14. Jahrhundert war L&uuml;beck nach K&ouml;ln die zweitgr&ouml;&szlig;te Stadt Deutschlands und neben Rom, Venedig, Pisa und Florenz eine der f&uuml;nf Herrlichkeiten des Reiches. Das sogenannte L&uuml;bsche Recht erlangte in vielen Ostsee-St&auml;dten Geltung. Erst 711 Jahre sp&auml;ter wurde die staatliche Selbst&auml;ndigkeit L&uuml;becks im Jahre 1937 aufgehoben.</p> <h3>Das Silber L&uuml;becks!</h3>		Kaiserreich 1901, 2 Mark, Kaiserreich Mark, Mark 1901, Wappen Lübeck, Silbermark, Silber, J 80, Jäger 80, Wappen Mark, Deutsches Kaiserreich, Münze Kaisserreich, Silbermünze, Lübeck Mark,	30		1				<1>y</1><11>0</11><12>2</12><13>y</13><21>Lieferzeit ca. 2-5 Werktage</21><22>Lieferzeit ca. 2-5 Werktage <!--Nur noch wenige Stück auf Lager--></22><23>Lieferzeit ca. 1-2 Wochen</23>	01-19726091	<artikelnummer>19726091</artikelnummer><var_id>19726091</var_id><originalvs4nummer>WW19726091      </originalvs4nummer><vpe>0</vpe>	0					1						SY,KA,GR,ON,PA,F1,RA,F2,FA,FB,FC,IA,FD,IB,FE,KB,AA,T1,ET,FF,GH,BB,PR,FG,RB,90,RC,BR,NN,NR,E1,P1,FH,AN,01,FI,FJ,RD,RE,RF,E2,E3,RH,F2,RG,RI,AB,AC,BA,FK,KC,AD,BC,FL,P2,P3,FM,RJ,RK,FN,RL,RM,FO,FP,RN,FQ,FR,RO,P4,P5,FS,FT,FU,FY,RP,P6,P7,P8,P9,FZ,PA,PB,PC,PD,FX,RQ,RR,GA,GB,GC,GD,BD,RS,KD,C1,C2,FU,CA,RT,BE,GS,DE,CB,RU,RV,GE,BL,CD,RX,GQ,CH,BF,RZ,SA,SB,SC,SD,GT,AE,T2,BG,F8,HA,H8,L6,Z2,Z3,Z5,BS,Z6,W5,99,63,G1,03,Z7,Z8,Z9,ZA,V1,64,ZB,ZC,65,ZD,H1,NA,66,Z1,Y1,67,Y2,K3,ZE,04,K4,68,V2,69,F7,AQ,T5,MA,C3,AZ,70,A1,G0,HK,ZF,H2,G3,ZG,CC,C4,71,Z0,72,ZH,H3,ZI,GI,Y3,Y4,Y5,AY,G2,K2,73,DC,AX,95,MO,74,AF,AG,ZK,05,K5,75,C5,H4,02,AS,B1,ZL,MW,76,Y6,77,Y7,K7,78,V3,Y8,1A,NB,X3,79,Y9,AW,B2,AR,YA,B3,YB,AH,80,B4,AK,A7,81,81,AL,PE,SE,TA,TB,82,TC,BH,SF,CE,ZZ,NC,TP,KE,TD,WW,83,BH,AM,AI,KF,CF,PF,KG,FI,FV,GF,KH,BM,GG,HJ,PO,BJ,CG,SG,H5,AO,BK,FW,HB,HL,BI,GU,HC,GV,KJ,HM,G4,1B,BN,GJ,GK,HN,GW,A8,GM,GN,CI,GL,HO,1C,GO,SH,GP,PH,PJ,GX,GY,H6,HP,GZ,CK,1D,1E,ND,G5,ZX,PK,PL,AJ,HD,HE,HF,RY,SJ,SK,G7,PM,PN,PP,55,HG,HH,HR,PS,PT,SZ,AP,IC,ID,IE,A2,BT,A3,G8,CJ,IF,KL,PU,CK,P0,RW,PQ,HQ,1F,1G,IG,IH,IJ,00,IK,IL,IM,IN,IO,IP,91,XX,IQ,IR,SI,IS,HS,BO,SX,HT,HU,BX,IT,AV,DF,HV,VA,HW,PV,PX,IV,BP,HX,UI,TV,VB,A4,IU,HZ,MB,DA,YY,MC,SL,CL,CM,CN,PZ,KM,QA,CO,VC,QE,BQ,CP,QB,BU,BV,QC,19,VD,TE,VE,CQ,VF,BW,BY,BZ,QG,CR,QH,PW,QD,CS,VG,AT,DA,TF,TS,QE,CT,AU,CU,DG,DD,HY,VH,YC,A5,A6,ZM,TG,AU,A8,A9,TT,ZN,VJ,VK,DH,DB,ZJ,1H,T3,UA,KN,TU,ZP,D1,92,DI,DJ,QW,EE,M1,M2,SM,CU,R1,S,SN,KO,E7,E8,TW,SO,SP,KP,IW,QQ,B5,B6,QQ,QI,QJ,QK,QL,XA,QR,IZ,DP,VL,QM,QN,QO,QP,NE,YD,C6,C7,ED,EB,EC,KQ,TH,TJ,TK,TI,QS,QT,QU,QV,QX,DK,QY,EU,CX,DL,DM,TL,QZ,DV,DX,TM,QF,DT,DN,VM,DX,TX,TN,IX,TQ,XÖ,KS,SO,PY,XC,VN,VP,TR,TY,SQ,XY,TZ,ÜÜ,CV,ST,KR,DY,XD,SR,T4,TO,TD,CW,MD,ÖÖ,TP,XE,JA,KS,KT,DZ,B7,EA,VQ,EG,UB,EF,EH,EJ,EQ,OA,XF,XG,ME,UC,UD,UE,UF,MF,XH,06,K6,DO,EK,DS,DQ,EL,EM,VR,XM,MG,MH,VS,XN,MJ,50,MI,B8,UG,WP,XK,VT,MK,XL,MR,UH,VU,ML,VV,EN,UJ,MN,UK,UL,UM,MS,MT,B9,D2,D3,D4,D5,LA,VX,D6,MU,MM,MP,UN,UZ,MQ,MV,XZ,UY,UO,UX,NZ,07,UW,MY,MX,DR,MZ,NX,UP,WE,0A,0B,0D,Z4,0C,WF,WG,XB,W3,W2,NF,NG,NJ,C9,WT,KK,T7,93,JB,94,ER,ES,EV,JC,EW,JD,LB,EX,JE,JF,JG,JH,JK,NH,JL,OB,LD,LE,JM,NK,NL,YL,YM,NP,NQ,XP,XQ,JN,EP,NT,NM,DU,LF,JZ,XV,LG,JP,NV,NW,LH,JR,T6,LK,LY,OZ,LL,JX,YE,UQ,JQ,JU,LM,YF,YG,YH,11,JT	0.00								<maxwidth>0</maxwidth><maxlen>0</maxlen><minwidth>0</minwidth><minlen>0</minlen>						leer			y		1351209600	n							19726091.jpg	19726091.jpg	19726091.jpg	19726091.jpg	19726091_1.jpg	19726091_1.jpg	19726091_1.jpg	19726091_1.jpg																	<g><1>n</1><2></2><3>y</3><4>n</4></g>	0	2012-10-26		Lübeck 2 Mark Silbermünze 1901 Wappen Lübeck J. 80	19726091	1	0		0,00					0	0	Deutsches Kaiserreich - Lübeck	2 Mark											1901		900er Silber	11,111g										Ø 28mm									25.000		Jaeger 80		0		00018869	0		1	0	DHL - Sonderpick
19726139	Sachsen-Meiningen 5 Mark Silbermünze 1902/1908 Georg II.	19726139	Stück	0	4	249.000000					<H2>Kaiserreich 5 Mark 1902/1908 </H2> <P>Georg II. (*2. April 1826, verstorben am 25. Juni 1914) war der herausragende Theater-Regisseur der Bismarckzeit und Begründer des modernen Regietheaters - eine äußerst ungewöhnliche Karriere für einen Angehörigen des Hochadels. Zusammen mit seiner dritten Frau, der Schauspielerin Ellen Franz, führte Georg II.die Meininger Theatergruppe zu internationalem Ruhm. Gleiches gelang ihm auch mit seiner Hofkapelle, die durch großzügige Förderung und Verpflichtung erstrangiger Künstler und Leiter zu Weltruhm kam. Der Militarismus und das Machtgehabe von Kaiser Wilhelm II. stießen den Herzog stets ab. Die Ablehnung, die seine bürgerliche Frau Ellen Franz erfahren musste, führte dazu, dass Georg sich dieTeilnahme der kaiserlichen Familie an seinem Begräbnisausdrücklich verbeten hatte.</P> <P>&nbsp;<BR></P> <H3>Sichern Sie sich jetzt Ihr Exemplar! </H3>		Kaiserreich 1902 1908, 5 Mark, Kaiserreich Mark, Mark 1902, Mark 1908, Georg II, Silbermark, Silber, J 153, Jäger 153, Sachsen Meiningen, Sachsen Mark, Deutsches Kaiserreich, Münze Kaisserreich, Silbermünze,	30		1				<1>y</1><11>0</11><12>0</12><13>y</13><21>Lieferzeit ca. 2-5 Werktage</21><22>Lieferzeit ca. 2-5 Werktage <!--Nur noch wenige Stück auf Lager--></22><23>Lieferzeit ca. 1-2 Wochen</23>	01-19726139	<artikelnummer>19726139</artikelnummer><var_id>19726139</var_id><originalvs4nummer>WW19726139      </originalvs4nummer><vpe>0</vpe>	0				335.000000	1						SY,KA,GR,ON,PA,F1,RA,F2,FA,FB,FC,IA,FD,IB,FE,KB,AA,T1,ET,FF,GH,BB,PR,FG,RB,90,RC,BR,NN,NR,E1,P1,FH,AN,01,FI,FJ,RD,RE,RF,E2,E3,RH,F2,RG,RI,AB,AC,BA,FK,KC,AD,BC,FL,P2,P3,FM,RJ,RK,FN,RL,RM,FO,FP,RN,FQ,FR,RO,P4,P5,FS,FT,FU,FY,RP,P6,P7,P8,P9,FZ,PA,PB,PC,PD,FX,RQ,RR,GA,GB,GC,GD,BD,RS,KD,C1,C2,FU,CA,RT,BE,GS,DE,CB,RU,RV,GE,BL,CD,RX,GQ,CH,BF,RZ,SA,SB,SC,SD,GT,AE,T2,BG,F8,HA,H8,L6,Z2,Z3,Z5,BS,Z6,W5,99,63,G1,03,Z7,Z8,Z9,ZA,V1,64,ZB,ZC,65,ZD,H1,NA,66,Z1,Y1,67,Y2,K3,ZE,04,K4,68,V2,69,F7,AQ,T5,MA,C3,AZ,70,A1,G0,HK,ZF,H2,G3,ZG,CC,C4,71,Z0,72,ZH,H3,ZI,GI,Y3,Y4,Y5,AY,G2,K2,73,DC,AX,95,MO,74,AF,AG,ZK,05,K5,75,C5,H4,02,AS,B1,ZL,MW,76,Y6,77,Y7,K7,78,V3,Y8,1A,NB,X3,79,Y9,AW,B2,AR,YA,B3,YB,AH,80,B4,AK,A7,81,81,AL,PE,SE,TA,TB,82,TC,BH,SF,CE,ZZ,NC,TP,KE,TD,WW,83,BH,AM,AI,KF,CF,PF,KG,FI,FV,GF,KH,BM,GG,HJ,PO,BJ,CG,SG,H5,AO,BK,FW,HB,HL,BI,GU,HC,GV,KJ,HM,G4,1B,BN,GJ,GK,HN,GW,A8,GM,GN,CI,GL,HO,1C,GO,SH,GP,PH,PJ,GX,GY,H6,HP,GZ,CK,1D,1E,ND,G5,ZX,PK,PL,AJ,HD,HE,HF,RY,SJ,SK,G7,PM,PN,PP,55,HG,HH,HR,PS,PT,SZ,AP,IC,ID,IE,A2,BT,A3,G8,CJ,IF,KL,PU,CK,P0,RW,PQ,HQ,1F,1G,IG,IH,IJ,00,IK,IL,IM,IN,IO,IP,91,XX,IQ,IR,SI,IS,HS,BO,SX,HT,HU,BX,IT,AV,DF,HV,VA,HW,PV,PX,IV,BP,HX,UI,TV,VB,A4,IU,HZ,MB,DA,YY,MC,SL,CL,CM,CN,PZ,KM,QA,CO,VC,QE,BQ,CP,QB,BU,BV,QC,19,VD,TE,VE,CQ,VF,BW,BY,BZ,QG,CR,QH,PW,QD,CS,VG,AT,DA,TF,TS,QE,CT,AU,CU,DG,DD,HY,VH,YC,A5,A6,ZM,TG,AU,A8,A9,TT,ZN,VJ,VK,DH,DB,ZJ,1H,T3,UA,KN,TU,ZP,D1,92,DI,DJ,QW,EE,M1,M2,SM,CU,R1,S,SN,KO,E7,E8,TW,SO,SP,KP,IW,QQ,B5,B6,QQ,QI,QJ,QK,QL,XA,QR,IZ,DP,VL,QM,QN,QO,QP,NE,YD,C6,C7,ED,EB,EC,KQ,TH,TJ,TK,TI,QS,QT,QU,QV,QX,DK,QY,EU,CX,DL,DM,TL,QZ,DV,DX,TM,QF,DT,DN,VM,DX,TX,TN,IX,TQ,XÖ,KS,SO,PY,XC,VN,VP,TR,TY,SQ,XY,TZ,ÜÜ,CV,ST,KR,DY,XD,SR,T4,TO,TD,CW,MD,ÖÖ,TP,XE,JA,KS,KT,DZ,B7,EA,VQ,EG,UB,EF,EH,EJ,EQ,OA,XF,XG,ME,UC,UD,UE,UF,MF,XH,06,K6,DO,EK,DS,DQ,EL,EM,VR,XM,MG,MH,VS,XN,MJ,50,MI,B8,UG,WP,XK,VT,MK,XL,MR,UH,VU,ML,VV,EN,UJ,MN,UK,UL,UM,MS,MT,B9,D2,D3,D4,D5,LA,VX,D6,MU,MM,MP,UN,UZ,MQ,MV,XZ,UY,UO,UX,NZ,07,UW,MY,MX,DR,MZ,NX,UP,WE,0A,0B,0D,Z4,0C,WF,WG,XB,W3,W2,NF,NG,NJ,C9,WT,KK,T7,93,JB,94,ER,ES,EV,JC,EW,JD,LB,EX,JE,JF,JG,JH,JK,NH,JL,OB,LD,LE,JM,NK,NL,YL,YM,NP,NQ,XP,XQ,JN,EP,NT,NM,DU,LF,JZ,XV,LG,JP,NV,NW,LH,JR,T6,LK,LY,OZ,LL,JX,YE,UQ,JQ,JU,LM,YF,YG,YH,11,JT	0.00								<maxwidth>0</maxwidth><maxlen>0</maxlen><minwidth>0</minwidth><minlen>0</minlen>						leer			y		1351209600	n							19726139.jpg	19726139.jpg	19726139.jpg	19726139.jpg	19726139_1.jpg	19726139_1.jpg	19726139_1.jpg	19726139_1.jpg																	<g><1>n</1><2></2><3>y</3><4>n</4></g>	0	2012-10-26		Sachsen-Meiningen 5 Mark Silbermünze 1902/1908 Georg II.	19726139	1	0		0,00					0	0	Deutsches Kaiserreich - Herzogtum Sachsen-Meiningen	5 Mark											1902 und 1908		900er Silber	27,778g										Ø 38mm											Jaeger 153		0		00018875	0		1	0	DHL - Sonderpick
19726144	Sachsen-Weimar-Eisenach 5 Mark Silbermünze 1903 Hochzeit	19726144	Stück	0	4	285.000000					<H2>Kaiserreich 5 Mark 1903 </H2> <P>Wilhelm Ernst (*10.06.1876, verstorben am 24.04.1923) war der letzte Großherzog von Sachsen-Weimar-Eisenach. Wilhelm Ernst gilt als Schöpfer des "Neuen Weimar", bot er doch zeitgenössischen Künstlern der Moderne in Weimar Entfaltungsmöglichkeiten, die ihnen die Zensur im übrigen Deutschen Reich verwehrte. Im Jahr 1903 heiratete Wilhelm Ernst Caroline von Reuß, ein Anlass, den der Großherzog mit einer gesuchten Silbermünze feierte.</P> <P>&nbsp;<BR></P> <H3>Sichern Sie sich jetzt Ihr Exemplar! </H3>		Kaiserreich 1903, 5 Mark, Kaiserreich Mark, Mark 1903, Hochzeit, Silbermark, Silber, J 159, Jäger 159, Sachsen Weimar Eisenach, Sachsen Mark, Deutsches Kaiserreich, Münze Kaisserreich, Silbermünze,	30		1				<1>y</1><11>0</11><12>0</12><13>y</13><21>Lieferzeit ca. 2-5 Werktage</21><22>Lieferzeit ca. 2-5 Werktage <!--Nur noch wenige Stück auf Lager--></22><23>Lieferzeit ca. 1-2 Wochen</23>	01-19726144	<artikelnummer>19726144</artikelnummer><var_id>19726144</var_id><originalvs4nummer>WW19726144      </originalvs4nummer><vpe>0</vpe>	0				298.000000	1						SY,KA,GR,ON,PA,F1,RA,F2,FA,FB,FC,IA,FD,IB,FE,KB,AA,T1,ET,FF,GH,BB,PR,FG,RB,90,RC,BR,NN,NR,E1,P1,FH,AN,01,FI,FJ,RD,RE,RF,E2,E3,RH,F2,RG,RI,AB,AC,BA,FK,KC,AD,BC,FL,P2,P3,FM,RJ,RK,FN,RL,RM,FO,FP,RN,FQ,FR,RO,P4,P5,FS,FT,FU,FY,RP,P6,P7,P8,P9,FZ,PA,PB,PC,PD,FX,RQ,RR,GA,GB,GC,GD,BD,RS,KD,C1,C2,FU,CA,RT,BE,GS,DE,CB,RU,RV,GE,BL,CD,RX,GQ,CH,BF,RZ,SA,SB,SC,SD,GT,AE,T2,BG,F8,HA,H8,L6,Z2,Z3,Z5,BS,Z6,W5,99,63,G1,03,Z7,Z8,Z9,ZA,V1,64,ZB,ZC,65,ZD,H1,NA,66,Z1,Y1,67,Y2,K3,ZE,04,K4,68,V2,69,F7,AQ,T5,MA,C3,AZ,70,A1,G0,HK,ZF,H2,G3,ZG,CC,C4,71,Z0,72,ZH,H3,ZI,GI,Y3,Y4,Y5,AY,G2,K2,73,DC,AX,95,MO,74,AF,AG,ZK,05,K5,75,C5,H4,02,AS,B1,ZL,MW,76,Y6,77,Y7,K7,78,V3,Y8,1A,NB,X3,79,Y9,AW,B2,AR,YA,B3,YB,AH,80,B4,AK,A7,81,81,AL,PE,SE,TA,TB,82,TC,BH,SF,CE,ZZ,NC,TP,KE,TD,WW,83,BH,AM,AI,KF,CF,PF,KG,FI,FV,GF,KH,BM,GG,HJ,PO,BJ,CG,SG,H5,AO,BK,FW,HB,HL,BI,GU,HC,GV,KJ,HM,G4,1B,BN,GJ,GK,HN,GW,A8,GM,GN,CI,GL,HO,1C,GO,SH,GP,PH,PJ,GX,GY,H6,HP,GZ,CK,1D,1E,ND,G5,ZX,PK,PL,AJ,HD,HE,HF,RY,SJ,SK,G7,PM,PN,PP,55,HG,HH,HR,PS,PT,SZ,AP,IC,ID,IE,A2,BT,A3,G8,CJ,IF,KL,PU,CK,P0,RW,PQ,HQ,1F,1G,IG,IH,IJ,00,IK,IL,IM,IN,IO,IP,91,XX,IQ,IR,SI,IS,HS,BO,SX,HT,HU,BX,IT,AV,DF,HV,VA,HW,PV,PX,IV,BP,HX,UI,TV,VB,A4,IU,HZ,MB,DA,YY,MC,SL,CL,CM,CN,PZ,KM,QA,CO,VC,QE,BQ,CP,QB,BU,BV,QC,19,VD,TE,VE,CQ,VF,BW,BY,BZ,QG,CR,QH,PW,QD,CS,VG,AT,DA,TF,TS,QE,CT,AU,CU,DG,DD,HY,VH,YC,A5,A6,ZM,TG,AU,A8,A9,TT,ZN,VJ,VK,DH,DB,ZJ,1H,T3,UA,KN,TU,ZP,D1,92,DI,DJ,QW,EE,M1,M2,SM,CU,R1,S,SN,KO,E7,E8,TW,SO,SP,KP,IW,QQ,B5,B6,QQ,QI,QJ,QK,QL,XA,QR,IZ,DP,VL,QM,QN,QO,QP,NE,YD,C6,C7,ED,EB,EC,KQ,TH,TJ,TK,TI,QS,QT,QU,QV,QX,DK,QY,EU,CX,DL,DM,TL,QZ,DV,DX,TM,QF,DT,DN,VM,DX,TX,TN,IX,TQ,XÖ,KS,SO,PY,XC,VN,VP,TR,TY,SQ,XY,TZ,ÜÜ,CV,ST,KR,DY,XD,SR,T4,TO,TD,CW,MD,ÖÖ,TP,XE,JA,KS,KT,DZ,B7,EA,VQ,EG,UB,EF,EH,EJ,EQ,OA,XF,XG,ME,UC,UD,UE,UF,MF,XH,06,K6,DO,EK,DS,DQ,EL,EM,VR,XM,MG,MH,VS,XN,MJ,50,MI,B8,UG,WP,XK,VT,MK,XL,MR,UH,VU,ML,VV,EN,UJ,MN,UK,UL,UM,MS,MT,B9,D2,D3,D4,D5,LA,VX,D6,MU,MM,MP,UN,UZ,MQ,MV,XZ,UY,UO,UX,NZ,07,UW,MY,MX,DR,MZ,NX,UP,WE,0A,0B,0D,Z4,0C,WF,WG,XB,W3,W2,NF,NG,NJ,C9,WT,KK,T7,93,JB,94,ER,ES,EV,JC,EW,JD,LB,EX,JE,JF,JG,JH,JK,NH,JL,OB,LD,LE,JM,NK,NL,YL,YM,NP,NQ,XP,XQ,JN,EP,NT,NM,DU,LF,JZ,XV,LG,JP,NV,NW,LH,JR,T6,LK,LY,OZ,LL,JX,YE,UQ,JQ,JU,LM,YF,YG,YH,11,JT	0.00								<maxwidth>0</maxwidth><maxlen>0</maxlen><minwidth>0</minwidth><minlen>0</minlen>						leer			y		1351209600	n							19726144.jpg	19726144.jpg	19726144.jpg	19726144.jpg	19726144_1.jpg	19726144_1.jpg	19726144_1.jpg	19726144_1.jpg																	<g><1>n</1><2></2><3>y</3><4>n</4></g>	0	2012-10-26		Sachsen-Weimar-Eisenach 5 Mark Silbermünze 1903 Hochzeit	19726144	1	0		0,00					0	0	Deutsches Kaiserreich - Großherzogtum Sachsen-Weimar-Eisenach	5 Mark											1903		900er Silber	27,778g										Ø 38mm											Jaeger 159		0		00018876	0		1	0	DHL - Sonderpick
19726153	Schwarzburg-Sondershausen 2 Mark Silbermünze 1905 Karl Günther Jubiläum	19726153	Stück	0	4	169.000000					<H2>Geprägt zum 25. Regierungsjubiläum des Fürsten! </H2> <P>Karl Günther (*07.08.1830, verstorben am 28.03.1909) war der letzte Fürst der Sondershauser Linie des Schwarzburgischen Fürstenhauses. 1906 wurde Karl Günther bei einem Jagdunfall so schwer verletzt, dass er die letzten drei Jahre seines Lebens im Krankenbett verbringen musste. Nach seinem Tode regierte Günther Viktor von Schwarzburg-Rudolstadt bis zum Ende des Kaiserreiches 1918. </P> <P><BR>Historisches: Schwarzburg-Sondershausen war der Name eines Fürstentums in Thüringen, das 1599 zunächst als Grafschaft Schwarzburg-Arnstadt gebildet wurde, 1697 zum Fürstentum erhoben wurde und zwischen 1716 bis 1919 die Bezeichnung Fürstentum Schwarzburg-Sondershausen trug. Das Territorium war zerstückelt und gliederte sich in eine so genannte Ober- und eine Unterherrschaft.</P> <P><BR>1835 wurde Günther Friedrich Carl II. (*1801, verstorben 1889) Fürst von Schwarzburg-Sondershausen. In seiner Regierungszeit stand Schwarzburg-Sondershausen im Preußisch-Österreichischen Krieg auf der Seite Preußens und trat 1867 dem Norddeutschen Bund bei, wodurch die Militärhoheit an Preußen überging. 1871 wurde das Fürstentum ein Bundesstaat des Deutschen Reiches. Am 17. Juli 1880 verzichte Günther Friedrich Carl II. auf den Thron zugunsten seines Sohnes Karl Günther. <BR></P> <H3>Sichern Sie sich jetzt Ihr Exemplar! </H3>		Kaiserreich 1905, 2 Mark, Kaiserreich Mark, Mark 1905, Karl Günther, Regierungsjubiläum, Silbermark, Silber, J 169, Jäger 169, Schwarzburg Sondeshausen,  Deutsches Kaiserreich, Münze Kaisserreich, Silbermünze,	12.3		1				<1>y</1><11>0</11><12>0</12><13>y</13><21>Lieferzeit ca. 2-5 Werktage</21><22>Lieferzeit ca. 2-5 Werktage <!--Nur noch wenige Stück auf Lager--></22><23>Lieferzeit ca. 1-2 Wochen</23>	01-19726153	<artikelnummer>19726153</artikelnummer><var_id>19726153</var_id><originalvs4nummer>WW19726153      </originalvs4nummer><vpe>0</vpe>	0				139.000000	1						SY,KA,GR,ON,PA,F1,RA,F2,FA,FB,FC,IA,FD,IB,FE,KB,AA,T1,ET,FF,GH,BB,PR,FG,RB,90,RC,BR,NN,NR,E1,P1,FH,AN,01,FI,FJ,RD,RE,RF,E2,E3,RH,F2,RG,RI,AB,AC,BA,FK,KC,AD,BC,FL,P2,P3,FM,RJ,RK,FN,RL,RM,FO,FP,RN,FQ,FR,RO,P4,P5,FS,FT,FU,FY,RP,P6,P7,P8,P9,FZ,PA,PB,PC,PD,FX,RQ,RR,GA,GB,GC,GD,BD,RS,KD,C1,C2,FU,CA,RT,BE,GS,DE,CB,RU,RV,GE,BL,CD,RX,GQ,CH,BF,RZ,SA,SB,SC,SD,GT,AE,T2,BG,F8,HA,H8,L6,Z2,Z3,Z5,BS,Z6,W5,99,63,G1,03,Z7,Z8,Z9,ZA,V1,64,ZB,ZC,65,ZD,H1,NA,66,Z1,Y1,67,Y2,K3,ZE,04,K4,68,V2,69,F7,AQ,T5,MA,C3,AZ,70,A1,G0,HK,ZF,H2,G3,ZG,CC,C4,71,Z0,72,ZH,H3,ZI,GI,Y3,Y4,Y5,AY,G2,K2,73,DC,AX,95,MO,74,AF,AG,ZK,05,K5,75,C5,H4,02,AS,B1,ZL,MW,76,Y6,77,Y7,K7,78,V3,Y8,1A,NB,X3,79,Y9,AW,B2,AR,YA,B3,YB,AH,80,B4,AK,A7,81,81,AL,PE,SE,TA,TB,82,TC,BH,SF,CE,ZZ,NC,TP,KE,TD,WW,83,BH,AM,AI,KF,CF,PF,KG,FI,FV,GF,KH,BM,GG,HJ,PO,BJ,CG,SG,H5,AO,BK,FW,HB,HL,BI,GU,HC,GV,KJ,HM,G4,1B,BN,GJ,GK,HN,GW,A8,GM,GN,CI,GL,HO,1C,GO,SH,GP,PH,PJ,GX,GY,H6,HP,GZ,CK,1D,1E,ND,G5,ZX,PK,PL,AJ,HD,HE,HF,RY,SJ,SK,G7,PM,PN,PP,55,HG,HH,HR,PS,PT,SZ,AP,IC,ID,IE,A2,BT,A3,G8,CJ,IF,KL,PU,CK,P0,RW,PQ,HQ,1F,1G,IG,IH,IJ,00,IK,IL,IM,IN,IO,IP,91,XX,IQ,IR,SI,IS,HS,BO,SX,HT,HU,BX,IT,AV,DF,HV,VA,HW,PV,PX,IV,BP,HX,UI,TV,VB,A4,IU,HZ,MB,DA,YY,MC,SL,CL,CM,CN,PZ,KM,QA,CO,VC,QE,BQ,CP,QB,BU,BV,QC,19,VD,TE,VE,CQ,VF,BW,BY,BZ,QG,CR,QH,PW,QD,CS,VG,AT,DA,TF,TS,QE,CT,AU,CU,DG,DD,HY,VH,YC,A5,A6,ZM,TG,AU,A8,A9,TT,ZN,VJ,VK,DH,DB,ZJ,1H,T3,UA,KN,TU,ZP,D1,92,DI,DJ,QW,EE,M1,M2,SM,CU,R1,S,SN,KO,E7,E8,TW,SO,SP,KP,IW,QQ,B5,B6,QQ,QI,QJ,QK,QL,XA,QR,IZ,DP,VL,QM,QN,QO,QP,NE,YD,C6,C7,ED,EB,EC,KQ,TH,TJ,TK,TI,QS,QT,QU,QV,QX,DK,QY,EU,CX,DL,DM,TL,QZ,DV,DX,TM,QF,DT,DN,VM,DX,TX,TN,IX,TQ,XÖ,KS,SO,PY,XC,VN,VP,TR,TY,SQ,XY,TZ,ÜÜ,CV,ST,KR,DY,XD,SR,T4,TO,TD,CW,MD,ÖÖ,TP,XE,JA,KS,KT,DZ,B7,EA,VQ,EG,UB,EF,EH,EJ,EQ,OA,XF,XG,ME,UC,UD,UE,UF,MF,XH,06,K6,DO,EK,DS,DQ,EL,EM,VR,XM,MG,MH,VS,XN,MJ,50,MI,B8,UG,WP,XK,VT,MK,XL,MR,UH,VU,ML,VV,EN,UJ,MN,UK,UL,UM,MS,MT,B9,D2,D3,D4,D5,LA,VX,D6,MU,MM,MP,UN,UZ,MQ,MV,XZ,UY,UO,UX,NZ,07,UW,MY,MX,DR,MZ,NX,UP,WE,0A,0B,0D,Z4,0C,WF,WG,XB,W3,W2,NF,NG,NJ,C9,WT,KK,T7,93,JB,94,ER,ES,EV,JC,EW,JD,LB,EX,JE,JF,JG,JH,JK,NH,JL,OB,LD,LE,JM,NK,NL,YL,YM,NP,NQ,XP,XQ,JN,EP,NT,NM,DU,LF,JZ,XV,LG,JP,NV,NW,LH,JR,T6,LK,LY,OZ,LL,JX,YE,UQ,JQ,JU,LM,YF,YG,YH,11,JT	0.00								<maxwidth>0</maxwidth><maxlen>0</maxlen><minwidth>0</minwidth><minlen>0</minlen>						leer			y		1351209600	n							19726153.jpg	19726153.jpg	19726153.jpg	19726153.jpg			19726153_1.jpg	19726153_1.jpg																	<g><1>n</1><2></2><3>y</3><4>n</4></g>	0	2012-10-26		Schwarzburg-Sondershausen 2 Mark Silbermünze 1905 Karl Günther Jubiläum	19726153	1	6		0,00					0	7,6	Deutsches Kaiserreich - Fürstentum Schwarzburg-Sonderhausen	2 Mark											1905		900er Silber	11,111g										Ø 28mm											Jaeger 169a		0		00018877	0,2		1	9	DHL - Sonderpick
2014.004	Kontrollrat II Schmuckblatt 15 Werte mit SST mit Fotobefund	2014.004	Stück	0	4	79.000000					<H2>Kontrollrat II Schmuckblatt </H2> <P>Bedingt durch die extrem schwierigen wirtschaftlichen und politischen Verhältnisse im völlig zerstörten Nachkriegsdeutschland gibt es kaum ein Kapitel in der deutschen Philatelie-Geschichte, das auf einem so kurzen Zeitraum mehr Facettenreichtum und Komplexität vereint, wie die Briefmarkenausgaben von 1945 bis zur Währungsreform 1948.</P> <P>&nbsp;<BR></P> <UL> <LI><STRONG>Kontrollrat II Schmuckblatt! </STRONG></LI> <LI><STRONG>15 Werte mit Sonderstempel! </STRONG></LI> <LI><STRONG>Mit Fotobefund! </STRONG></LI></UL><BR> <H3>Ein Muss für jeden Sammler! </H3>			50		1				<1>y</1><11>0</11><12>0</12><13></13><21>Lieferzeit ca. 2-5 Werktage</21><22>Lieferzeit ca. 2-5 Werktage <!--Nur noch wenige Stück auf Lager--></22><23>Leider ausverkauft</23>	01-2014.004	<artikelnummer>2014.004</artikelnummer><var_id>2014.004</var_id><originalvs4nummer>WW2014.004      </originalvs4nummer><vpe>0</vpe>	0				99.950000	1						SY,KA,GR,ON,PA,F1,RA,F2,FA,FB,FC,IA,FD,IB,FE,KB,AA,T1,ET,FF,GH,BB,PR,FG,RB,90,RC,BR,NN,NR,E1,P1,FH,AN,01,FI,FJ,RD,RE,RF,E2,E3,RH,F2,RG,RI,AB,AC,BA,FK,KC,AD,BC,FL,P2,P3,FM,RJ,RK,FN,RL,RM,FO,FP,RN,FQ,FR,RO,P4,P5,FS,FT,FU,FY,RP,P6,P7,P8,P9,FZ,PA,PB,PC,PD,FX,RQ,RR,GA,GB,GC,GD,BD,RS,KD,C1,C2,FU,CA,RT,BE,GS,DE,CB,RU,RV,GE,BL,CD,RX,GQ,CH,BF,RZ,SA,SB,SC,SD,GT,AE,T2,BG,F8,HA,H8,L6,Z2,Z3,Z5,BS,Z6,W5,99,63,G1,03,Z7,Z8,Z9,ZA,V1,64,ZB,ZC,65,ZD,H1,NA,66,Z1,Y1,67,Y2,K3,ZE,04,K4,68,V2,69,F7,AQ,T5,MA,C3,AZ,70,A1,G0,HK,ZF,H2,G3,ZG,CC,C4,71,Z0,72,ZH,H3,ZI,GI,Y3,Y4,Y5,AY,G2,K2,73,DC,AX,95,MO,74,AF,AG,ZK,05,K5,75,C5,H4,02,AS,B1,ZL,MW,76,Y6,77,Y7,K7,78,V3,Y8,1A,NB,X3,79,Y9,AW,B2,AR,YA,B3,YB,AH,80,B4,AK,A7,81,81,AL,PE,SE,TA,TB,82,TC,BH,SF,CE,ZZ,NC,TP,KE,TD,WW,83,BH,AM,AI,KF,CF,PF,KG,FI,FV,GF,KH,BM,GG,HJ,PO,BJ,CG,SG,H5,AO,BK,FW,HB,HL,BI,GU,HC,GV,KJ,HM,G4,1B,BN,GJ,GK,HN,GW,A8,GM,GN,CI,GL,HO,1C,GO,SH,GP,PH,PJ,GX,GY,H6,HP,GZ,CK,1D,1E,ND,G5,ZX,PK,PL,AJ,HD,HE,HF,RY,SJ,SK,G7,PM,PN,PP,55,HG,HH,HR,PS,PT,SZ,AP,IC,ID,IE,A2,BT,A3,G8,CJ,IF,KL,PU,CK,P0,RW,PQ,HQ,1F,1G,IG,IH,IJ,00,IK,IL,IM,IN,IO,IP,91,XX,IQ,IR,SI,IS,HS,BO,SX,HT,HU,BX,IT,AV,DF,HV,VA,HW,PV,PX,IV,BP,HX,UI,TV,VB,A4,IU,HZ,MB,DA,YY,MC,SL,CL,CM,CN,PZ,KM,QA,CO,VC,QE,BQ,CP,QB,BU,BV,QC,19,VD,TE,VE,CQ,VF,BW,BY,BZ,QG,CR,QH,PW,QD,CS,VG,AT,DA,TF,TS,QE,CT,AU,CU,DG,DD,HY,VH,YC,A5,A6,ZM,TG,AU,A8,A9,TT,ZN,VJ,VK,DH,DB,ZJ,1H,T3,UA,KN,TU,ZP,D1,92,DI,DJ,QW,EE,M1,M2,SM,CU,R1,S,SN,KO,E7,E8,TW,SO,SP,KP,IW,QQ,B5,B6,QQ,QI,QJ,QK,QL,XA,QR,IZ,DP,VL,QM,QN,QO,QP,NE,YD,C6,C7,ED,EB,EC,KQ,TH,TJ,TK,TI,QS,QT,QU,QV,QX,DK,QY,EU,CX,DL,DM,TL,QZ,DV,DX,TM,QF,DT,DN,VM,DX,TX,TN,IX,TQ,XÖ,KS,SO,PY,XC,VN,VP,TR,TY,SQ,XY,TZ,ÜÜ,CV,ST,KR,DY,XD,SR,T4,TO,TD,CW,MD,ÖÖ,TP,XE,JA,KS,KT,DZ,B7,EA,VQ,EG,UB,EF,EH,EJ,EQ,OA,XF,XG,ME,UC,UD,UE,UF,MF,XH,06,K6,DO,EK,DS,DQ,EL,EM,VR,XM,MG,MH,VS,XN,MJ,50,MI,B8,UG,WP,XK,VT,MK,XL,MR,UH,VU,ML,VV,EN,UJ,MN,UK,UL,UM,MS,MT,B9,D2,D3,D4,D5,LA,VX,D6,MU,MM,MP,UN,UZ,MQ,MV,XZ,UY,UO,UX,NZ,07,UW,MY,MX,DR,MZ,NX,UP,WE,0A,0B,0D,Z4,0C,WF,WG,XB,W3,W2,NF,NG,NJ,C9,WT,KK,T7,93,JB,94,ER,ES,EV,JC,EW,JD,LB,EX,JE,JF,JG,JH,JK,NH,JL,OB,LD,LE,JM,NK,NL,YL,YM,NP,NQ,XP,XQ,JN,EP,NT,NM,DU,LF,JZ,XV,LG,JP,NV,NW,LH,JR,T6,LK,LY,OZ,LL,JX,YE,UQ,JQ,JU,LM,YF,YG,YH,11,JT	0.00								<maxwidth>0</maxwidth><maxlen>0</maxlen><minwidth>0</minwidth><minlen>0</minlen>						leer			y		1432252800	n							g2014004.jpg	g2014004.jpg	g2014004.jpg	g2014004.jpg	g2014004_1.jpg	g2014004_1.jpg	g2014004_1.jpg	g2014004_1.jpg																	<g><1>n</1><2></2><3>y</3><4>n</4></g>	0	2015-05-22		Kontrollrat II Schmuckblatt 15 Werte mit SST mit Fotobefund	2014.004	1	0		0,00						0	Alliierte Besetzung					Alliierte Besetzung	Gemeinschaftsausgaben									15 Werte																				mit Fotobefund			0	B003	00020281	0		1	0	DHL
24112202	BRD 200 Euro Gold 2002 Euro-Einführung Karlsruhe (G)	24112202	Stück	0	4	2189.000000					<H2>BRD 200 Euro Goldmünze 2002 </H2> <P>Die erste und einzige deutsche 200 Euro-Goldmünze! Der Gold-Gigant aus deutschen Landen - 1 Unze (31,1g) reinstes 999,9 Feingold! Die 200 Euro-Goldmünze "Übergang zur Währungsunion- Einführung des Euro" ist nicht nur der erste deutsche Gold-Euro, sondern die erste BRD-Goldmünze mit dem Nominal 200 Euro überhaupt und die einzige 200 Euro-Goldmünze, welche die BRD ausgeben wird!</P> <P>&nbsp;</P> <UL> <LI><STRONG>Stempelglanz im Etui! </STRONG></LI> <LI><STRONG>999,9er Gold! </STRONG></LI> <LI><STRONG>Auflage 20.000! </STRONG></LI></UL><BR> <H3>Sichern Sie sich jetzt noch ein Exemplar! </H3>			32		1				<1>y</1><11>0</11><12>1</12><13>y</13><21>Lieferzeit ca. 2-5 Werktage</21><22>Lieferzeit ca. 2-5 Werktage <!--Nur noch wenige Stück auf Lager--></22><23>Lieferzeit ca. 1-2 Wochen</23>	01-24112202	<artikelnummer>24112202</artikelnummer><var_id>24112202</var_id><originalvs4nummer>WW24112202      </originalvs4nummer><vpe>0</vpe>	0					1						SY,KA,GR,ON,PA,F1,RA,F2,FA,FB,FC,IA,FD,IB,FE,KB,AA,T1,ET,FF,GH,BB,PR,FG,RB,90,RC,BR,NN,NR,E1,P1,FH,AN,01,FI,FJ,RD,RE,RF,E2,E3,RH,F2,RG,RI,AB,AC,BA,FK,KC,AD,BC,FL,P2,P3,FM,RJ,RK,FN,RL,RM,FO,FP,RN,FQ,FR,RO,P4,P5,FS,FT,FU,FY,RP,P6,P7,P8,P9,FZ,PA,PB,PC,PD,FX,RQ,RR,GA,GB,GC,GD,BD,RS,KD,C1,C2,FU,CA,RT,BE,GS,DE,CB,RU,RV,GE,BL,CD,RX,GQ,CH,BF,RZ,SA,SB,SC,SD,GT,AE,T2,BG,F8,HA,H8,L6,Z2,Z3,Z5,BS,Z6,W5,99,63,G1,03,Z7,Z8,Z9,ZA,V1,64,ZB,ZC,65,ZD,H1,NA,66,Z1,Y1,67,Y2,K3,ZE,04,K4,68,V2,69,F7,AQ,T5,MA,C3,AZ,70,A1,G0,HK,ZF,H2,G3,ZG,CC,C4,71,Z0,72,ZH,H3,ZI,GI,Y3,Y4,Y5,AY,G2,K2,73,DC,AX,95,MO,74,AF,AG,ZK,05,K5,75,C5,H4,02,AS,B1,ZL,MW,76,Y6,77,Y7,K7,78,V3,Y8,1A,NB,X3,79,Y9,AW,B2,AR,YA,B3,YB,AH,80,B4,AK,A7,81,81,AL,PE,SE,TA,TB,82,TC,BH,SF,CE,ZZ,NC,TP,KE,TD,WW,83,BH,AM,AI,KF,CF,PF,KG,FI,FV,GF,KH,BM,GG,HJ,PO,BJ,CG,SG,H5,AO,BK,FW,HB,HL,BI,GU,HC,GV,KJ,HM,G4,1B,BN,GJ,GK,HN,GW,A8,GM,GN,CI,GL,HO,1C,GO,SH,GP,PH,PJ,GX,GY,H6,HP,GZ,CK,1D,1E,ND,G5,ZX,PK,PL,AJ,HD,HE,HF,RY,SJ,SK,G7,PM,PN,PP,55,HG,HH,HR,PS,PT,SZ,AP,IC,ID,IE,A2,BT,A3,G8,CJ,IF,KL,PU,CK,P0,RW,PQ,HQ,1F,1G,IG,IH,IJ,00,IK,IL,IM,IN,IO,IP,91,XX,IQ,IR,SI,IS,HS,BO,SX,HT,HU,BX,IT,AV,DF,HV,VA,HW,PV,PX,IV,BP,HX,UI,TV,VB,A4,IU,HZ,MB,DA,YY,MC,SL,CL,CM,CN,PZ,KM,QA,CO,VC,QE,BQ,CP,QB,BU,BV,QC,19,VD,TE,VE,CQ,VF,BW,BY,BZ,QG,CR,QH,PW,QD,CS,VG,AT,DA,TF,TS,QE,CT,AU,CU,DG,DD,HY,VH,YC,A5,A6,ZM,TG,AU,A8,A9,TT,ZN,VJ,VK,DH,DB,ZJ,1H,T3,UA,KN,TU,ZP,D1,92,DI,DJ,QW,EE,M1,M2,SM,CU,R1,S,SN,KO,E7,E8,TW,SO,SP,KP,IW,QQ,B5,B6,QQ,QI,QJ,QK,QL,XA,QR,IZ,DP,VL,QM,QN,QO,QP,NE,YD,C6,C7,ED,EB,EC,KQ,TH,TJ,TK,TI,QS,QT,QU,QV,QX,DK,QY,EU,CX,DL,DM,TL,QZ,DV,DX,TM,QF,DT,DN,VM,DX,TX,TN,IX,TQ,XÖ,KS,SO,PY,XC,VN,VP,TR,TY,SQ,XY,TZ,ÜÜ,CV,ST,KR,DY,XD,SR,T4,TO,TD,CW,MD,ÖÖ,TP,XE,JA,KS,KT,DZ,B7,EA,VQ,EG,UB,EF,EH,EJ,EQ,OA,XF,XG,ME,UC,UD,UE,UF,MF,XH,06,K6,DO,EK,DS,DQ,EL,EM,VR,XM,MG,MH,VS,XN,MJ,50,MI,B8,UG,WP,XK,VT,MK,XL,MR,UH,VU,ML,VV,EN,UJ,MN,UK,UL,UM,MS,MT,B9,D2,D3,D4,D5,LA,VX,D6,MU,MM,MP,UN,UZ,MQ,MV,XZ,UY,UO,UX,NZ,07,UW,MY,MX,DR,MZ,NX,UP,WE,0A,0B,0D,Z4,0C,WF,WG,XB,W3,W2,NF,NG,NJ,C9,WT,KK,T7,93,JB,94,ER,ES,EV,JC,EW,JD,LB,EX,JE,JF,JG,JH,JK,NH,JL,OB,LD,LE,JM,NK,NL,YL,YM,NP,NQ,XP,XQ,JN,EP,NT,NM,DU,LF,JZ,XV,LG,JP,NV,NW,LH,JR,T6,LK,LY,OZ,LL,JX,YE,UQ,JQ,JU,LM,YF,YG,YH,11,JT	0.00								<maxwidth>0</maxwidth><maxlen>0</maxlen><minwidth>0</minwidth><minlen>0</minlen>						leer			y		1445558400	n							24112202.jpg	24112202.jpg	24112202.jpg	24112202.jpg	24112202_1.jpg	24112202_1.jpg	24112202_1.jpg	24112202_1.jpg																	<g><1>n</1><2></2><3>y</3><4>n</4></g>	3	2015-10-23		BRD 200 Euro Gold 2002 Euro-Einführung Karlsruhe (G)	24112202	1	0		0,00						0	BRD	200 Euro											2002	Stempelglanz	999,9 er Gold	1 Unze (31,1g)										Ø 32,5mm									20.000	im Etui			0	22	00018888	0		1	0	DHL - Sonderpick
25276019	DDR 5 Mark Gedenkmünze 1975 Thomas Mann	25276019	Stück	0	4	17.500000					<H2>DDR 5 Mark Gedenkmünze Thomas Mann 1975 </H2> <P>Das abgschlossene Sammelgebiet "DDR" hat in den letzten Jahren immer mehr begeisterte Sammler gefunden. So faszinieren die Gedenkmünzen DDR mit Motiven und Themen, die deutsche Geschichte und Kultur erlebbar machen. Die Auflagen der DDR Gedenkmünzen sind in der Regen wesentlich geringer als die Auflagen der BRD-Münzen.</P> <P>&nbsp;<BR></P> <UL> <LI><STRONG>DDR 5 Mark Thomas Mann 1975! </STRONG></LI> <LI><STRONG>Jaeger-Nummer: 1556! </STRONG></LI></UL><BR> <H3>Ein absolutes Top-Sammelgebiet! </H3>		DDR 5 Mark Thomas Mann 1975 Jaeger-Nr. 1556,DDR Mark, Deutsche Demokratische Republik Mark, 5 Mark, DDR 1975, jg 1556, Mann Mark,	30		1				<1>y</1><11>0</11><12>2</12><13>y</13><21>Lieferzeit ca. 2-5 Werktage</21><22>Lieferzeit ca. 2-5 Werktage <!--Nur noch wenige Stück auf Lager--></22><23>Lieferzeit ca. 1-2 Wochen</23>	01-25276019	<artikelnummer>25276019</artikelnummer><var_id>25276019</var_id><originalvs4nummer>WW25276019      </originalvs4nummer><vpe>0</vpe>	0					1						SY,KA,GR,ON,PA,F1,RA,F2,FA,FB,FC,IA,FD,IB,FE,KB,AA,T1,ET,FF,GH,BB,PR,FG,RB,90,RC,BR,NN,NR,E1,P1,FH,AN,01,FI,FJ,RD,RE,RF,E2,E3,RH,F2,RG,RI,AB,AC,BA,FK,KC,AD,BC,FL,P2,P3,FM,RJ,RK,FN,RL,RM,FO,FP,RN,FQ,FR,RO,P4,P5,FS,FT,FU,FY,RP,P6,P7,P8,P9,FZ,PA,PB,PC,PD,FX,RQ,RR,GA,GB,GC,GD,BD,RS,KD,C1,C2,FU,CA,RT,BE,GS,DE,CB,RU,RV,GE,BL,CD,RX,GQ,CH,BF,RZ,SA,SB,SC,SD,GT,AE,T2,BG,F8,HA,H8,L6,Z2,Z3,Z5,BS,Z6,W5,99,63,G1,03,Z7,Z8,Z9,ZA,V1,64,ZB,ZC,65,ZD,H1,NA,66,Z1,Y1,67,Y2,K3,ZE,04,K4,68,V2,69,F7,AQ,T5,MA,C3,AZ,70,A1,G0,HK,ZF,H2,G3,ZG,CC,C4,71,Z0,72,ZH,H3,ZI,GI,Y3,Y4,Y5,AY,G2,K2,73,DC,AX,95,MO,74,AF,AG,ZK,05,K5,75,C5,H4,02,AS,B1,ZL,MW,76,Y6,77,Y7,K7,78,V3,Y8,1A,NB,X3,79,Y9,AW,B2,AR,YA,B3,YB,AH,80,B4,AK,A7,81,81,AL,PE,SE,TA,TB,82,TC,BH,SF,CE,ZZ,NC,TP,KE,TD,WW,83,BH,AM,AI,KF,CF,PF,KG,FI,FV,GF,KH,BM,GG,HJ,PO,BJ,CG,SG,H5,AO,BK,FW,HB,HL,BI,GU,HC,GV,KJ,HM,G4,1B,BN,GJ,GK,HN,GW,A8,GM,GN,CI,GL,HO,1C,GO,SH,GP,PH,PJ,GX,GY,H6,HP,GZ,CK,1D,1E,ND,G5,ZX,PK,PL,AJ,HD,HE,HF,RY,SJ,SK,G7,PM,PN,PP,55,HG,HH,HR,PS,PT,SZ,AP,IC,ID,IE,A2,BT,A3,G8,CJ,IF,KL,PU,CK,P0,RW,PQ,HQ,1F,1G,IG,IH,IJ,00,IK,IL,IM,IN,IO,IP,91,XX,IQ,IR,SI,IS,HS,BO,SX,HT,HU,BX,IT,AV,DF,HV,VA,HW,PV,PX,IV,BP,HX,UI,TV,VB,A4,IU,HZ,MB,DA,YY,MC,SL,CL,CM,CN,PZ,KM,QA,CO,VC,QE,BQ,CP,QB,BU,BV,QC,19,VD,TE,VE,CQ,VF,BW,BY,BZ,QG,CR,QH,PW,QD,CS,VG,AT,DA,TF,TS,QE,CT,AU,CU,DG,DD,HY,VH,YC,A5,A6,ZM,TG,AU,A8,A9,TT,ZN,VJ,VK,DH,DB,ZJ,1H,T3,UA,KN,TU,ZP,D1,92,DI,DJ,QW,EE,M1,M2,SM,CU,R1,S,SN,KO,E7,E8,TW,SO,SP,KP,IW,QQ,B5,B6,QQ,QI,QJ,QK,QL,XA,QR,IZ,DP,VL,QM,QN,QO,QP,NE,YD,C6,C7,ED,EB,EC,KQ,TH,TJ,TK,TI,QS,QT,QU,QV,QX,DK,QY,EU,CX,DL,DM,TL,QZ,DV,DX,TM,QF,DT,DN,VM,DX,TX,TN,IX,TQ,XÖ,KS,SO,PY,XC,VN,VP,TR,TY,SQ,XY,TZ,ÜÜ,CV,ST,KR,DY,XD,SR,T4,TO,TD,CW,MD,ÖÖ,TP,XE,JA,KS,KT,DZ,B7,EA,VQ,EG,UB,EF,EH,EJ,EQ,OA,XF,XG,ME,UC,UD,UE,UF,MF,XH,06,K6,DO,EK,DS,DQ,EL,EM,VR,XM,MG,MH,VS,XN,MJ,50,MI,B8,UG,WP,XK,VT,MK,XL,MR,UH,VU,ML,VV,EN,UJ,MN,UK,UL,UM,MS,MT,B9,D2,D3,D4,D5,LA,VX,D6,MU,MM,MP,UN,UZ,MQ,MV,XZ,UY,UO,UX,NZ,07,UW,MY,MX,DR,MZ,NX,UP,WE,0A,0B,0D,Z4,0C,WF,WG,XB,W3,W2,NF,NG,NJ,C9,WT,KK,T7,93,JB,94,ER,ES,EV,JC,EW,JD,LB,EX,JE,JF,JG,JH,JK,NH,JL,OB,LD,LE,JM,NK,NL,YL,YM,NP,NQ,XP,XQ,JN,EP,NT,NM,DU,LF,JZ,XV,LG,JP,NV,NW,LH,JR,T6,LK,LY,OZ,LL,JX,YE,UQ,JQ,JU,LM,YF,YG,YH,11,JT	0.00								<maxwidth>0</maxwidth><maxlen>0</maxlen><minwidth>0</minwidth><minlen>0</minlen>						leer			y		1351209600	n							25276019.jpg	25276019.jpg	25276019.jpg	25276019.jpg	25276019_1.jpg	25276019_1.jpg	25276019_1.jpg	25276019_1.jpg																	<g><1>n</1><2></2><3>y</3><4>n</4></g>	5	2012-10-26		DDR 5 Mark Gedenkmünze 1975 Thomas Mann	25276019	1	0		0,00					0	0	DDR	5 Mark											1975	sehr schön bis vorzüglich	Neusilber	12,2 g										Ø 29 mm											Jaeger 1556		0		00018894	0		1	0	DHL
25276054	DDR 5 Mark Gedenkmünze Kurt Tucholsky 1990 Jaeger-Nr. 1633	25276054	Stück	0	4	68.000000					<H2>DDR 5 Mark Gedenkmünze Kurt Tucholsky 1990 Jaeger-Nr. 1633 </H2> <P>Tucholsky (*9. Januar 1890, verstorben am 21. Dezember 1935) war ein deutscher Journalist, Satiriker, Kabarettautor, Liedtexter, Romanautor und Lyriker. Er gilt als einer der einflussreichsten Publizisten der Weimarer Republik. Zusammen mit Carl von Ossietzky gab er zeitweilig "Die Weltbühne" heraus, zudem verfasste er für die Wochenschrift zahlreiche Artikel (u.a. unter den Pseudonymen Kaspar Hauser, Peter Panter, Theobald Tiger, Ignaz Wrobel). Er verstand sich als linker Demokrat und Pazifist. Seine Schriften wurden von den Nationalsozialisten verbrannt. 1935 beging er in seinem schwedischen Exil Selbstmord.</P> <P>&nbsp;<BR></P> <H3>Schliessen Sie jetzt Ihre Lücken! </H3>		DDR 5 Mark Kurt Tucholsky 1990 Jaeger-Nr. 1633, DDR Mark, Deutsche Demokratische Republik Mark, 5 Mark, DDR 1990, jg 1633, Tucholsky Mark,	12.3		1				<1>y</1><11>0</11><12>2</12><13></13><21>Lieferzeit ca. 2-5 Werktage</21><22>Lieferzeit ca. 2-5 Werktage <!--Nur noch wenige Stück auf Lager--></22><23>Leider ausverkauft</23>	01-25276054	<artikelnummer>25276054</artikelnummer><var_id>25276054</var_id><originalvs4nummer>WW25276054      </originalvs4nummer><vpe>0</vpe>	0					1						SY,KA,GR,ON,PA,F1,RA,F2,FA,FB,FC,IA,FD,IB,FE,KB,AA,T1,ET,FF,GH,BB,PR,FG,RB,90,RC,BR,NN,NR,E1,P1,FH,AN,01,FI,FJ,RD,RE,RF,E2,E3,RH,F2,RG,RI,AB,AC,BA,FK,KC,AD,BC,FL,P2,P3,FM,RJ,RK,FN,RL,RM,FO,FP,RN,FQ,FR,RO,P4,P5,FS,FT,FU,FY,RP,P6,P7,P8,P9,FZ,PA,PB,PC,PD,FX,RQ,RR,GA,GB,GC,GD,BD,RS,KD,C1,C2,FU,CA,RT,BE,GS,DE,CB,RU,RV,GE,BL,CD,RX,GQ,CH,BF,RZ,SA,SB,SC,SD,GT,AE,T2,BG,F8,HA,H8,L6,Z2,Z3,Z5,BS,Z6,W5,99,63,G1,03,Z7,Z8,Z9,ZA,V1,64,ZB,ZC,65,ZD,H1,NA,66,Z1,Y1,67,Y2,K3,ZE,04,K4,68,V2,69,F7,AQ,T5,MA,C3,AZ,70,A1,G0,HK,ZF,H2,G3,ZG,CC,C4,71,Z0,72,ZH,H3,ZI,GI,Y3,Y4,Y5,AY,G2,K2,73,DC,AX,95,MO,74,AF,AG,ZK,05,K5,75,C5,H4,02,AS,B1,ZL,MW,76,Y6,77,Y7,K7,78,V3,Y8,1A,NB,X3,79,Y9,AW,B2,AR,YA,B3,YB,AH,80,B4,AK,A7,81,81,AL,PE,SE,TA,TB,82,TC,BH,SF,CE,ZZ,NC,TP,KE,TD,WW,83,BH,AM,AI,KF,CF,PF,KG,FI,FV,GF,KH,BM,GG,HJ,PO,BJ,CG,SG,H5,AO,BK,FW,HB,HL,BI,GU,HC,GV,KJ,HM,G4,1B,BN,GJ,GK,HN,GW,A8,GM,GN,CI,GL,HO,1C,GO,SH,GP,PH,PJ,GX,GY,H6,HP,GZ,CK,1D,1E,ND,G5,ZX,PK,PL,AJ,HD,HE,HF,RY,SJ,SK,G7,PM,PN,PP,55,HG,HH,HR,PS,PT,SZ,AP,IC,ID,IE,A2,BT,A3,G8,CJ,IF,KL,PU,CK,P0,RW,PQ,HQ,1F,1G,IG,IH,IJ,00,IK,IL,IM,IN,IO,IP,91,XX,IQ,IR,SI,IS,HS,BO,SX,HT,HU,BX,IT,AV,DF,HV,VA,HW,PV,PX,IV,BP,HX,UI,TV,VB,A4,IU,HZ,MB,DA,YY,MC,SL,CL,CM,CN,PZ,KM,QA,CO,VC,QE,BQ,CP,QB,BU,BV,QC,19,VD,TE,VE,CQ,VF,BW,BY,BZ,QG,CR,QH,PW,QD,CS,VG,AT,DA,TF,TS,QE,CT,AU,CU,DG,DD,HY,VH,YC,A5,A6,ZM,TG,AU,A8,A9,TT,ZN,VJ,VK,DH,DB,ZJ,1H,T3,UA,KN,TU,ZP,D1,92,DI,DJ,QW,EE,M1,M2,SM,CU,R1,S,SN,KO,E7,E8,TW,SO,SP,KP,IW,QQ,B5,B6,QQ,QI,QJ,QK,QL,XA,QR,IZ,DP,VL,QM,QN,QO,QP,NE,YD,C6,C7,ED,EB,EC,KQ,TH,TJ,TK,TI,QS,QT,QU,QV,QX,DK,QY,EU,CX,DL,DM,TL,QZ,DV,DX,TM,QF,DT,DN,VM,DX,TX,TN,IX,TQ,XÖ,KS,SO,PY,XC,VN,VP,TR,TY,SQ,XY,TZ,ÜÜ,CV,ST,KR,DY,XD,SR,T4,TO,TD,CW,MD,ÖÖ,TP,XE,JA,KS,KT,DZ,B7,EA,VQ,EG,UB,EF,EH,EJ,EQ,OA,XF,XG,ME,UC,UD,UE,UF,MF,XH,06,K6,DO,EK,DS,DQ,EL,EM,VR,XM,MG,MH,VS,XN,MJ,50,MI,B8,UG,WP,XK,VT,MK,XL,MR,UH,VU,ML,VV,EN,UJ,MN,UK,UL,UM,MS,MT,B9,D2,D3,D4,D5,LA,VX,D6,MU,MM,MP,UN,UZ,MQ,MV,XZ,UY,UO,UX,NZ,07,UW,MY,MX,DR,MZ,NX,UP,WE,0A,0B,0D,Z4,0C,WF,WG,XB,W3,W2,NF,NG,NJ,C9,WT,KK,T7,93,JB,94,ER,ES,EV,JC,EW,JD,LB,EX,JE,JF,JG,JH,JK,NH,JL,OB,LD,LE,JM,NK,NL,YL,YM,NP,NQ,XP,XQ,JN,EP,NT,NM,DU,LF,JZ,XV,LG,JP,NV,NW,LH,JR,T6,LK,LY,OZ,LL,JX,YE,UQ,JQ,JU,LM,YF,YG,YH,11,JT	0.00								<maxwidth>0</maxwidth><maxlen>0</maxlen><minwidth>0</minwidth><minlen>0</minlen>						leer			y		1351209600	n							25276054.jpg	25276054.jpg	25276054.jpg	25276054.jpg	25276054_1.jpg	25276054_1.jpg	25276054_1.jpg	25276054_1.jpg																	<g><1>n</1><2></2><3>y</3><4>n</4></g>	0	2012-10-26		DDR 5 Mark Gedenkmünze Kurt Tucholsky 1990 Jaeger-Nr. 1633	25276054	1	6,2		0,00					0	7,6	DDR	5 Mark											1990	sehr schön bis vorzüglich		9,6 g										Ø 29 mm											Jaeger 1633		0		00018881	0,3		1	14	DHL
25910041	DDR Orden Kollektion V - 10 original Abzeichen im Set	25910041	Stück	0	1	29.950000					<h2>Originale DDR-Abzeichen - keine Dubletten, fabrikneu, sehr gesucht!</h2> In dieser Spitzenqualit&auml;t sonst nicht erh&auml;ltlich: DDR-Abzeichen, direkt aus den volkseigenen Betrieben!<br><br> Im Rahmen dieser Kollektion erhalten Sie 10 originale DDR-Abzeichen unserer Wahl.			0		0				<1>y</1><11>0</11><12>0</12><13></13><21>Lieferzeit ca. 2-5 Werktage</21><22>Lieferzeit ca. 2-5 Werktage <!--Nur noch wenige Stück auf Lager--></22><23>Leider ausverkauft</23>	01-25910041	<artikelnummer>25910041</artikelnummer><var_id>25910041</var_id><originalvs4nummer>WW25910041      </originalvs4nummer><vpe>0</vpe>	0					1						SY,KA,GR,ON,PA,F1,RA,F2,FA,FB,FC,IA,FD,IB,FE,KB,AA,T1,ET,FF,GH,BB,PR,FG,RB,90,RC,BR,NN,NR,E1,P1,FH,AN,01,FI,FJ,RD,RE,RF,E2,E3,RH,F2,RG,RI,AB,AC,BA,FK,KC,AD,BC,FL,P2,P3,FM,RJ,RK,FN,RL,RM,FO,FP,RN,FQ,FR,RO,P4,P5,FS,FT,FU,FY,RP,P6,P7,P8,P9,FZ,PA,PB,PC,PD,FX,RQ,RR,GA,GB,GC,GD,BD,RS,KD,C1,C2,FU,CA,RT,BE,GS,DE,CB,RU,RV,GE,BL,CD,RX,GQ,CH,BF,RZ,SA,SB,SC,SD,GT,AE,T2,BG,F8,HA,H8,L6,Z2,Z3,Z5,BS,Z6,W5,99,63,G1,03,Z7,Z8,Z9,ZA,V1,64,ZB,ZC,65,ZD,H1,NA,66,Z1,Y1,67,Y2,K3,ZE,04,K4,68,V2,69,F7,AQ,T5,MA,C3,AZ,70,A1,G0,HK,ZF,H2,G3,ZG,CC,C4,71,Z0,72,ZH,H3,ZI,GI,Y3,Y4,Y5,AY,G2,K2,73,DC,AX,95,MO,74,AF,AG,ZK,05,K5,75,C5,H4,02,AS,B1,ZL,MW,76,Y6,77,Y7,K7,78,V3,Y8,1A,NB,X3,79,Y9,AW,B2,AR,YA,B3,YB,AH,80,B4,AK,A7,81,81,AL,PE,SE,TA,TB,82,TC,BH,SF,CE,ZZ,NC,TP,KE,TD,WW,83,BH,AM,AI,KF,CF,PF,KG,FI,FV,GF,KH,BM,GG,HJ,PO,BJ,CG,SG,H5,AO,BK,FW,HB,HL,BI,GU,HC,GV,KJ,HM,G4,1B,BN,GJ,GK,HN,GW,A8,GM,GN,CI,GL,HO,1C,GO,SH,GP,PH,PJ,GX,GY,H6,HP,GZ,CK,1D,1E,ND,G5,ZX,PK,PL,AJ,HD,HE,HF,RY,SJ,SK,G7,PM,PN,PP,55,HG,HH,HR,PS,PT,SZ,AP,IC,ID,IE,A2,BT,A3,G8,CJ,IF,KL,PU,CK,P0,RW,PQ,HQ,1F,1G,IG,IH,IJ,00,IK,IL,IM,IN,IO,IP,91,XX,IQ,IR,SI,IS,HS,BO,SX,HT,HU,BX,IT,AV,DF,HV,VA,HW,PV,PX,IV,BP,HX,UI,TV,VB,A4,IU,HZ,MB,DA,YY,MC,SL,CL,CM,CN,PZ,KM,QA,CO,VC,QE,BQ,CP,QB,BU,BV,QC,19,VD,TE,VE,CQ,VF,BW,BY,BZ,QG,CR,QH,PW,QD,CS,VG,AT,DA,TF,TS,QE,CT,AU,CU,DG,DD,HY,VH,YC,A5,A6,ZM,TG,AU,A8,A9,TT,ZN,VJ,VK,DH,DB,ZJ,1H,T3,UA,KN,TU,ZP,D1,92,DI,DJ,QW,EE,M1,M2,SM,CU,R1,S,SN,KO,E7,E8,TW,SO,SP,KP,IW,QQ,B5,B6,QQ,QI,QJ,QK,QL,XA,QR,IZ,DP,VL,QM,QN,QO,QP,NE,YD,C6,C7,ED,EB,EC,KQ,TH,TJ,TK,TI,QS,QT,QU,QV,QX,DK,QY,EU,CX,DL,DM,TL,QZ,DV,DX,TM,QF,DT,DN,VM,DX,TX,TN,IX,TQ,XÖ,KS,SO,PY,XC,VN,VP,TR,TY,SQ,XY,TZ,ÜÜ,CV,ST,KR,DY,XD,SR,T4,TO,TD,CW,MD,ÖÖ,TP,XE,JA,KS,KT,DZ,B7,EA,VQ,EG,UB,EF,EH,EJ,EQ,OA,XF,XG,ME,UC,UD,UE,UF,MF,XH,06,K6,DO,EK,DS,DQ,EL,EM,VR,XM,MG,MH,VS,XN,MJ,50,MI,B8,UG,WP,XK,VT,MK,XL,MR,UH,VU,ML,VV,EN,UJ,MN,UK,UL,UM,MS,MT,B9,D2,D3,D4,D5,LA,VX,D6,MU,MM,MP,UN,UZ,MQ,MV,XZ,UY,UO,UX,NZ,07,UW,MY,MX,DR,MZ,NX,UP,WE,0A,0B,0D,Z4,0C,WF,WG,XB,W3,W2,NF,NG,NJ,C9,WT,KK,T7,93,JB,94,ER,ES,EV,JC,EW,JD,LB,EX,JE,JF,JG,JH,JK,NH,JL,OB,LD,LE,JM,NK,NL,YL,YM,NP,NQ,XP,XQ,JN,EP,NT,NM,DU,LF,JZ,XV,LG,JP,NV,NW,LH,JR,T6,LK,LY,OZ,LL,JX,YE,UQ,JQ,JU,LM,YF,YG,YH,11,JT	0.00								<maxwidth>0</maxwidth><maxlen>0</maxlen><minwidth>0</minwidth><minlen>0</minlen>						leer			y		1453852800	n							25910041.jpg	25910041.jpg	25910041.jpg	25910041.jpg																					<g><1>n</1><2></2><3>y</3><4>n</4></g>	3	2016-01-27		DDR Orden Kollektion V - 10 original Abzeichen im Set	25910041	1	0		0,00						0																																							0	1008	00022977	0		1	0	DHL
55173020	<P>San Marino Kursmünzensatz 2018 st </P>	55173020	Stück	0	4	49.000000					<H2>San Marino Kursmünzensatz&nbsp;2018 </H2> <P><BR>Dieser Euro-Kursmünzensatz aus dem kleinen San Marino gilt als überaus begehrt. Wie nur wenige Kursmünzensätze schaffen es diese Kleinstaaten-Raritäten binnen kürzester Zeit nicht nur komplett vergriffen zu sein, sondern sehr oft auch enorm im Wert zu steigen. Der Kleinstaat änderte erst im Jahr 2017 die Motive seiner Euro-Kursmünzen, die Nachfrage stieg nach jenem Set noch einmal immens. Nun haben Sie die Chance auf den Euro-Kursmünzensatz 2018 aus San Marino und dieser Satz sollte in keiner guten Eurosammlung fehlen! </P> <P>Diese wertvolle Kleinstaaten-Rarität begeistert mit einem enormen Wertsteigerungspotenzial. Zögern Sie darum nicht und sichern Sie sich noch heute den aktuellen Euro-Kursmünzensatz 2018 aus San Marino! Unbedingt zu empfehlen!</P> <P>&nbsp;<BR></P> <P> <UL> <LI><STRONG>1 Cent bis 2 Euro 2018 in Sammlerqualität Stempelglanz! </STRONG></LI></UL> <P></P><BR> <H3>Beliebte Rollenware der Kleinstaaten! </H3>			0		0				<1>y</1><11>0</11><12>999</12><13>y</13><21>Lieferzeit ca. 2-5 Werktage</21><22>Lieferzeit ca. 2-5 Werktage <!--Nur noch wenige Stück auf Lager--></22><23>Lieferzeit ca. 1-2 Wochen</23>	01-55173020	<artikelnummer>55173020</artikelnummer><var_id>55173020</var_id><originalvs4nummer>WW55173020      </originalvs4nummer><vpe>0</vpe>	0					1						SY,KA,GR,ON,PA,F1,RA,F2,FA,FB,FC,IA,FD,IB,FE,KB,AA,T1,ET,FF,GH,BB,PR,FG,RB,90,RC,BR,NN,NR,E1,P1,FH,AN,01,FI,FJ,RD,RE,RF,E2,E3,RH,F2,RG,RI,AB,AC,BA,FK,KC,AD,BC,FL,P2,P3,FM,RJ,RK,FN,RL,RM,FO,FP,RN,FQ,FR,RO,P4,P5,FS,FT,FU,FY,RP,P6,P7,P8,P9,FZ,PA,PB,PC,PD,FX,RQ,RR,GA,GB,GC,GD,BD,RS,KD,C1,C2,FU,CA,RT,BE,GS,DE,CB,RU,RV,GE,BL,CD,RX,GQ,CH,BF,RZ,SA,SB,SC,SD,GT,AE,T2,BG,F8,HA,H8,L6,Z2,Z3,Z5,BS,Z6,W5,99,63,G1,03,Z7,Z8,Z9,ZA,V1,64,ZB,ZC,65,ZD,H1,NA,66,Z1,Y1,67,Y2,K3,ZE,04,K4,68,V2,69,F7,AQ,T5,MA,C3,AZ,70,A1,G0,HK,ZF,H2,G3,ZG,CC,C4,71,Z0,72,ZH,H3,ZI,GI,Y3,Y4,Y5,AY,G2,K2,73,DC,AX,95,MO,74,AF,AG,ZK,05,K5,75,C5,H4,02,AS,B1,ZL,MW,76,Y6,77,Y7,K7,78,V3,Y8,1A,NB,X3,79,Y9,AW,B2,AR,YA,B3,YB,AH,80,B4,AK,A7,81,81,AL,PE,SE,TA,TB,82,TC,BH,SF,CE,ZZ,NC,TP,KE,TD,WW,83,BH,AM,AI,KF,CF,PF,KG,FI,FV,GF,KH,BM,GG,HJ,PO,BJ,CG,SG,H5,AO,BK,FW,HB,HL,BI,GU,HC,GV,KJ,HM,G4,1B,BN,GJ,GK,HN,GW,A8,GM,GN,CI,GL,HO,1C,GO,SH,GP,PH,PJ,GX,GY,H6,HP,GZ,CK,1D,1E,ND,G5,ZX,PK,PL,AJ,HD,HE,HF,RY,SJ,SK,G7,PM,PN,PP,55,HG,HH,HR,PS,PT,SZ,AP,IC,ID,IE,A2,BT,A3,G8,CJ,IF,KL,PU,CK,P0,RW,PQ,HQ,1F,1G,IG,IH,IJ,00,IK,IL,IM,IN,IO,IP,91,XX,IQ,IR,SI,IS,HS,BO,SX,HT,HU,BX,IT,AV,DF,HV,VA,HW,PV,PX,IV,BP,HX,UI,TV,VB,A4,IU,HZ,MB,DA,YY,MC,SL,CL,CM,CN,PZ,KM,QA,CO,VC,QE,BQ,CP,QB,BU,BV,QC,19,VD,TE,VE,CQ,VF,BW,BY,BZ,QG,CR,QH,PW,QD,CS,VG,AT,DA,TF,TS,QE,CT,AU,CU,DG,DD,HY,VH,YC,A5,A6,ZM,TG,AU,A8,A9,TT,ZN,VJ,VK,DH,DB,ZJ,1H,T3,UA,KN,TU,ZP,D1,92,DI,DJ,QW,EE,M1,M2,SM,CU,R1,S,SN,KO,E7,E8,TW,SO,SP,KP,IW,QQ,B5,B6,QQ,QI,QJ,QK,QL,XA,QR,IZ,DP,VL,QM,QN,QO,QP,NE,YD,C6,C7,ED,EB,EC,KQ,TH,TJ,TK,TI,QS,QT,QU,QV,QX,DK,QY,EU,CX,DL,DM,TL,QZ,DV,DX,TM,QF,DT,DN,VM,DX,TX,TN,IX,TQ,XÖ,KS,SO,PY,XC,VN,VP,TR,TY,SQ,XY,TZ,ÜÜ,CV,ST,KR,DY,XD,SR,T4,TO,TD,CW,MD,ÖÖ,TP,XE,JA,KS,KT,DZ,B7,EA,VQ,EG,UB,EF,EH,EJ,EQ,OA,XF,XG,ME,UC,UD,UE,UF,MF,XH,06,K6,DO,EK,DS,DQ,EL,EM,VR,XM,MG,MH,VS,XN,MJ,50,MI,B8,UG,WP,XK,VT,MK,XL,MR,UH,VU,ML,VV,EN,UJ,MN,UK,UL,UM,MS,MT,B9,D2,D3,D4,D5,LA,VX,D6,MU,MM,MP,UN,UZ,MQ,MV,XZ,UY,UO,UX,NZ,07,UW,MY,MX,DR,MZ,NX,UP,WE,0A,0B,0D,Z4,0C,WF,WG,XB,W3,W2,NF,NG,NJ,C9,WT,KK,T7,93,JB,94,ER,ES,EV,JC,EW,JD,LB,EX,JE,JF,JG,JH,JK,NH,JL,OB,LD,LE,JM,NK,NL,YL,YM,NP,NQ,XP,XQ,JN,EP,NT,NM,DU,LF,JZ,XV,LG,JP,NV,NW,LH,JR,T6,LK,LY,OZ,LL,JX,YE,UQ,JQ,JU,LM,YF,YG,YH,11,JT	0.00								<maxwidth>0</maxwidth><maxlen>0</maxlen><minwidth>0</minwidth><minlen>0</minlen>						leer			y		1529539200	n							55173020.jpg	55173020.jpg	55173020.jpg	55173020.jpg	55173020_1.jpg	55173020_1.jpg	55173020_1.jpg	55173020_1.jpg																	<g><1>n</1><2></2><3>y</3><4>n</4></g>	0	2018-06-21		<P>San Marino Kursmünzensatz 2018 st </P>	55173020	1	0		0,00						0	San Marino	1 Cent bis 2 Euro											2018	Stempelglanz																									0	3	00031674	0		1	0	DHL
80510118	Monaco Spar-Set 2017 - 2 Euro Münze + Etui	80510118	Stück	0	1	9.950000					<H2>Spar-Set Monaco 2017</H2> <P>Bringen Sie Ordnung in Ihre Münzsammlung. In das hochwertige Etui passen vier 2 Euro Münzen. Das Etui hat die Maße 16,5cm x 8,5cm x 2,5cm. Nutzen Sie jetzt die Gelegenheit und sichern Sie sich dieses Spar-Set zum Top-Preis.<BR><BR>Das Set besteht aus:<BR></P> <UL> <LI><STRONG>Rotes Etui für 4x 2 Euro Münzen!</STRONG></LI> <LI><STRONG>2 Euro Monaco Albert I. 2017 bankfrisch!</STRONG></LI></UL> <H3>&nbsp;</H3> <H3>Ein Muss für jeden Sammler!</H3>			0		0				<1>y</1><11>0</11><12>5</12><13>y</13><21>Lieferzeit ca. 2-5 Werktage</21><22>Lieferzeit ca. 2-5 Werktage <!--Nur noch wenige Stück auf Lager--></22><23>Lieferzeit ca. 1-2 Wochen</23>	01-80510118	<artikelnummer>80510118</artikelnummer><var_id>80510118</var_id><originalvs4nummer>WW80510118      </originalvs4nummer><vpe>0</vpe>	0				24.900000	1						SY,KA,GR,ON,PA,F1,RA,F2,FA,FB,FC,IA,FD,IB,FE,KB,AA,T1,ET,FF,GH,BB,PR,FG,RB,90,RC,BR,NN,NR,E1,P1,FH,AN,01,FI,FJ,RD,RE,RF,E2,E3,RH,F2,RG,RI,AB,AC,BA,FK,KC,AD,BC,FL,P2,P3,FM,RJ,RK,FN,RL,RM,FO,FP,RN,FQ,FR,RO,P4,P5,FS,FT,FU,FY,RP,P6,P7,P8,P9,FZ,PA,PB,PC,PD,FX,RQ,RR,GA,GB,GC,GD,BD,RS,KD,C1,C2,FU,CA,RT,BE,GS,DE,CB,RU,RV,GE,BL,CD,RX,GQ,CH,BF,RZ,SA,SB,SC,SD,GT,AE,T2,BG,F8,HA,H8,L6,Z2,Z3,Z5,BS,Z6,W5,99,63,G1,03,Z7,Z8,Z9,ZA,V1,64,ZB,ZC,65,ZD,H1,NA,66,Z1,Y1,67,Y2,K3,ZE,04,K4,68,V2,69,F7,AQ,T5,MA,C3,AZ,70,A1,G0,HK,ZF,H2,G3,ZG,CC,C4,71,Z0,72,ZH,H3,ZI,GI,Y3,Y4,Y5,AY,G2,K2,73,DC,AX,95,MO,74,AF,AG,ZK,05,K5,75,C5,H4,02,AS,B1,ZL,MW,76,Y6,77,Y7,K7,78,V3,Y8,1A,NB,X3,79,Y9,AW,B2,AR,YA,B3,YB,AH,80,B4,AK,A7,81,81,AL,PE,SE,TA,TB,82,TC,BH,SF,CE,ZZ,NC,TP,KE,TD,WW,83,BH,AM,AI,KF,CF,PF,KG,FI,FV,GF,KH,BM,GG,HJ,PO,BJ,CG,SG,H5,AO,BK,FW,HB,HL,BI,GU,HC,GV,KJ,HM,G4,1B,BN,GJ,GK,HN,GW,A8,GM,GN,CI,GL,HO,1C,GO,SH,GP,PH,PJ,GX,GY,H6,HP,GZ,CK,1D,1E,ND,G5,ZX,PK,PL,AJ,HD,HE,HF,RY,SJ,SK,G7,PM,PN,PP,55,HG,HH,HR,PS,PT,SZ,AP,IC,ID,IE,A2,BT,A3,G8,CJ,IF,KL,PU,CK,P0,RW,PQ,HQ,1F,1G,IG,IH,IJ,00,IK,IL,IM,IN,IO,IP,91,XX,IQ,IR,SI,IS,HS,BO,SX,HT,HU,BX,IT,AV,DF,HV,VA,HW,PV,PX,IV,BP,HX,UI,TV,VB,A4,IU,HZ,MB,DA,YY,MC,SL,CL,CM,CN,PZ,KM,QA,CO,VC,QE,BQ,CP,QB,BU,BV,QC,19,VD,TE,VE,CQ,VF,BW,BY,BZ,QG,CR,QH,PW,QD,CS,VG,AT,DA,TF,TS,QE,CT,AU,CU,DG,DD,HY,VH,YC,A5,A6,ZM,TG,AU,A8,A9,TT,ZN,VJ,VK,DH,DB,ZJ,1H,T3,UA,KN,TU,ZP,D1,92,DI,DJ,QW,EE,M1,M2,SM,CU,R1,S,SN,KO,E7,E8,TW,SO,SP,KP,IW,QQ,B5,B6,QQ,QI,QJ,QK,QL,XA,QR,IZ,DP,VL,QM,QN,QO,QP,NE,YD,C6,C7,ED,EB,EC,KQ,TH,TJ,TK,TI,QS,QT,QU,QV,QX,DK,QY,EU,CX,DL,DM,TL,QZ,DV,DX,TM,QF,DT,DN,VM,DX,TX,TN,IX,TQ,XÖ,KS,SO,PY,XC,VN,VP,TR,TY,SQ,XY,TZ,ÜÜ,CV,ST,KR,DY,XD,SR,T4,TO,TD,CW,MD,ÖÖ,TP,XE,JA,KS,KT,DZ,B7,EA,VQ,EG,UB,EF,EH,EJ,EQ,OA,XF,XG,ME,UC,UD,UE,UF,MF,XH,06,K6,DO,EK,DS,DQ,EL,EM,VR,XM,MG,MH,VS,XN,MJ,50,MI,B8,UG,WP,XK,VT,MK,XL,MR,UH,VU,ML,VV,EN,UJ,MN,UK,UL,UM,MS,MT,B9,D2,D3,D4,D5,LA,VX,D6,MU,MM,MP,UN,UZ,MQ,MV,XZ,UY,UO,UX,NZ,07,UW,MY,MX,DR,MZ,NX,UP,WE,0A,0B,0D,Z4,0C,WF,WG,XB,W3,W2,NF,NG,NJ,C9,WT,KK,T7,93,JB,94,ER,ES,EV,JC,EW,JD,LB,EX,JE,JF,JG,JH,JK,NH,JL,OB,LD,LE,JM,NK,NL,YL,YM,NP,NQ,XP,XQ,JN,EP,NT,NM,DU,LF,JZ,XV,LG,JP,NV,NW,LH,JR,T6,LK,LY,OZ,LL,JX,YE,UQ,JQ,JU,LM,YF,YG,YH,11,JT	0.00								<maxwidth>0</maxwidth><maxlen>0</maxlen><minwidth>0</minwidth><minlen>0</minlen>						leer			y		1464307200	n							80510118.jpg	80510118.jpg	80510118.jpg	80510118.jpg	80510118_1.jpg	80510118_1.jpg	80510118_1.jpg	80510118_1.jpg	80510118_2.jpg	80510118_2.jpg	80510118_2.jpg	80510118_2.jpg	80510118_3.jpg	80510118_3.jpg	80510118_3.jpg	80510118_3.jpg									<g><1>n</1><2></2><3>y</3><4>n</4></g>	88	2016-05-27		Monaco Spar-Set 2017 - 2 Euro Münze + Etui	80510118	1	0		0,00						0	Monaco	2 Euro											2017	bankfrisch, lose																						plus Etui für 4x 2 Euro			0		00021385	0		1	0	DHL
80555264	Leuchtturm Grande Hüllen für Rollenmarken Format 105x306mm 5er Packung	80555264	Stück	0	1	3.990000					<h2>Kunststoffh&uuml;llen GRANDE 2 senkrechte Streifen 5er Pack</h2> <br> GRANDE-H&uuml;llen f&uuml;r Markenheftchen und Rollenmarken. Vertikale 2er-Einteilung (Breite je 105 mm). Hochtransparente aufgeschwei&szlig;te Streifen bieten durch die vollst&auml;ndige Abdeckung der eingelegten Sammelst&uuml;cke einen optimalen Schutz. 100% Polyester, (<strong>weichmacherfrei</strong>)<br><br><strong>Hinweis:</strong> Beispielabbildung			0		1				<1>y</1><11>0</11><12>5</12><13></13><21>Lieferzeit ca. 2-5 Werktage</21><22>Lieferzeit ca. 2-5 Werktage <!--Nur noch wenige Stück auf Lager--></22><23>Leider ausverkauft</23>	01-80555264	<artikelnummer>80555264</artikelnummer><var_id>80555264</var_id><originalvs4nummer>WW80555264      </originalvs4nummer><vpe>0</vpe>	0				4.500000	1						SY,KA,GR,ON,PA,F1,RA,F2,FA,FB,FC,IA,FD,IB,FE,KB,AA,T1,ET,FF,GH,BB,PR,FG,RB,90,RC,BR,NN,NR,E1,P1,FH,AN,01,FI,FJ,RD,RE,RF,E2,E3,RH,F2,RG,RI,AB,AC,BA,FK,KC,AD,BC,FL,P2,P3,FM,RJ,RK,FN,RL,RM,FO,FP,RN,FQ,FR,RO,P4,P5,FS,FT,FU,FY,RP,P6,P7,P8,P9,FZ,PA,PB,PC,PD,FX,RQ,RR,GA,GB,GC,GD,BD,RS,KD,C1,C2,FU,CA,RT,BE,GS,DE,CB,RU,RV,GE,BL,CD,RX,GQ,CH,BF,RZ,SA,SB,SC,SD,GT,AE,T2,BG,F8,HA,H8,L6,Z2,Z3,Z5,BS,Z6,W5,99,63,G1,03,Z7,Z8,Z9,ZA,V1,64,ZB,ZC,65,ZD,H1,NA,66,Z1,Y1,67,Y2,K3,ZE,04,K4,68,V2,69,F7,AQ,T5,MA,C3,AZ,70,A1,G0,HK,ZF,H2,G3,ZG,CC,C4,71,Z0,72,ZH,H3,ZI,GI,Y3,Y4,Y5,AY,G2,K2,73,DC,AX,95,MO,74,AF,AG,ZK,05,K5,75,C5,H4,02,AS,B1,ZL,MW,76,Y6,77,Y7,K7,78,V3,Y8,1A,NB,X3,79,Y9,AW,B2,AR,YA,B3,YB,AH,80,B4,AK,A7,81,81,AL,PE,SE,TA,TB,82,TC,BH,SF,CE,ZZ,NC,TP,KE,TD,WW,83,BH,AM,AI,KF,CF,PF,KG,FI,FV,GF,KH,BM,GG,HJ,PO,BJ,CG,SG,H5,AO,BK,FW,HB,HL,BI,GU,HC,GV,KJ,HM,G4,1B,BN,GJ,GK,HN,GW,A8,GM,GN,CI,GL,HO,1C,GO,SH,GP,PH,PJ,GX,GY,H6,HP,GZ,CK,1D,1E,ND,G5,ZX,PK,PL,AJ,HD,HE,HF,RY,SJ,SK,G7,PM,PN,PP,55,HG,HH,HR,PS,PT,SZ,AP,IC,ID,IE,A2,BT,A3,G8,CJ,IF,KL,PU,CK,P0,RW,PQ,HQ,1F,1G,IG,IH,IJ,00,IK,IL,IM,IN,IO,IP,91,XX,IQ,IR,SI,IS,HS,BO,SX,HT,HU,BX,IT,AV,DF,HV,VA,HW,PV,PX,IV,BP,HX,UI,TV,VB,A4,IU,HZ,MB,DA,YY,MC,SL,CL,CM,CN,PZ,KM,QA,CO,VC,QE,BQ,CP,QB,BU,BV,QC,19,VD,TE,VE,CQ,VF,BW,BY,BZ,QG,CR,QH,PW,QD,CS,VG,AT,DA,TF,TS,QE,CT,AU,CU,DG,DD,HY,VH,YC,A5,A6,ZM,TG,AU,A8,A9,TT,ZN,VJ,VK,DH,DB,ZJ,1H,T3,UA,KN,TU,ZP,D1,92,DI,DJ,QW,EE,M1,M2,SM,CU,R1,S,SN,KO,E7,E8,TW,SO,SP,KP,IW,QQ,B5,B6,QQ,QI,QJ,QK,QL,XA,QR,IZ,DP,VL,QM,QN,QO,QP,NE,YD,C6,C7,ED,EB,EC,KQ,TH,TJ,TK,TI,QS,QT,QU,QV,QX,DK,QY,EU,CX,DL,DM,TL,QZ,DV,DX,TM,QF,DT,DN,VM,DX,TX,TN,IX,TQ,XÖ,KS,SO,PY,XC,VN,VP,TR,TY,SQ,XY,TZ,ÜÜ,CV,ST,KR,DY,XD,SR,T4,TO,TD,CW,MD,ÖÖ,TP,XE,JA,KS,KT,DZ,B7,EA,VQ,EG,UB,EF,EH,EJ,EQ,OA,XF,XG,ME,UC,UD,UE,UF,MF,XH,06,K6,DO,EK,DS,DQ,EL,EM,VR,XM,MG,MH,VS,XN,MJ,50,MI,B8,UG,WP,XK,VT,MK,XL,MR,UH,VU,ML,VV,EN,UJ,MN,UK,UL,UM,MS,MT,B9,D2,D3,D4,D5,LA,VX,D6,MU,MM,MP,UN,UZ,MQ,MV,XZ,UY,UO,UX,NZ,07,UW,MY,MX,DR,MZ,NX,UP,WE,0A,0B,0D,Z4,0C,WF,WG,XB,W3,W2,NF,NG,NJ,C9,WT,KK,T7,93,JB,94,ER,ES,EV,JC,EW,JD,LB,EX,JE,JF,JG,JH,JK,NH,JL,OB,LD,LE,JM,NK,NL,YL,YM,NP,NQ,XP,XQ,JN,EP,NT,NM,DU,LF,JZ,XV,LG,JP,NV,NW,LH,JR,T6,LK,LY,OZ,LL,JX,YE,UQ,JQ,JU,LM,YF,YG,YH,11,JT	0.00								<maxwidth>0</maxwidth><maxlen>0</maxlen><minwidth>0</minwidth><minlen>0</minlen>						leer			y		1478217600	n							80555264.jpg	80555264.jpg	80555264.jpg	80555264.jpg																					<g><1>n</1><2></2><3>y</3><4>n</4></g>	0	2016-11-04		Leuchtturm Grande Hüllen für Rollenmarken Format 105x306mm 5er Packung	80555264	1	0		0,00						0																																							0	79	00021434	0		1	0	DHL
